id_usuario,nombres,apellidos,tipo_documento,numero_documento,correo,telefono,celular,estado_usuario,id_rol,id_detalle_residente,propietario,apartamento,torre,residente_activo,id_reserva,hora_inicio,hora_fin,estado_reserva,fecha_uso,observacion_reserva,forma_pago,valor_pago,placa,tipo_vehiculo,vehiculo_activo,documentos_vehiculo,id_parqueadero,numero_parqueadero,comunal,estado_parqueadero,id_sorteo,tipo_residente_propietario,fecha_inicio_sorteo,hora_sorteo,estado_sorteo,id_correspondencia,tipo_correspondencia,descripcion_correspondencia,fecha_registro,id_paquete,torre_paquete,apartamento_paquete,descripcion_paquete,fecha_recepcion,fecha_entrega,id_novedad,descripcion_novedad,fecha_novedad,observacion_extra1,observacion_extra2
1,Carlos,Martínez,CE,1235057,carlos.martínez@mail.com,3193254078,3859131464,Activo,1,1,False,146,19,False,1,22:00:34,00:00:34,Aprobada,2025-11-25,Observación ejemplo,Transferencia,481484.2,DEF916,Carro,True,True,1,20,False,False,1,True,2026-01-14,22:00:34,False,1,Recibo,Descripción ejemplo,2025-11-13 22:00:34.006246,1,20,103,Paquete ejemplo,2025-11-10 22:00:34.006249,2025-11-11 22:00:34.006249,1,Novedad ejemplo,2025-11-06 22:00:34.006253,Obs extra 1,Obs extra 2
2,Sofía,Torres,CE,1030468,sofía.torres@mail.com,3395717375,3547024491,Inactivo,2,2,False,215,15,True,2,22:00:34,00:00:34,Aprobada,2025-12-16,Observación ejemplo,Transferencia,134031.35,GHI372,Moto,False,False,2,40,True,False,2,False,2026-01-11,22:00:34,True,2,Recibo,Descripción ejemplo,2025-11-19 22:00:34.006313,2,15,391,Paquete ejemplo,2025-11-17 22:00:34.006315,2025-11-20 22:00:34.006315,2,Novedad ejemplo,2025-11-19 22:00:34.006326,Obs extra 1,Obs extra 2
3,Pedro,Gómez,Pasaporte,4155090,pedro.gómez@mail.com,3460011153,3348793604,Inactivo,3,3,False,166,18,True,3,22:00:34,00:00:34,Aprobada,2025-11-24,Observación ejemplo,Transferencia,399402.61,GHI888,Carro,False,True,3,25,False,False,3,True,2025-11-28,22:00:34,True,3,Recibo,Descripción ejemplo,2025-10-23 22:00:34.006391,3,9,226,Paquete ejemplo,2025-11-10 22:00:34.006393,2025-11-11 22:00:34.006393,3,Novedad ejemplo,2025-11-16 22:00:34.006401,Obs extra 1,Obs extra 2
4,Luis,García,CC,1314864,luis.garcía@mail.com,3838170845,3351514547,Activo,1,4,False,333,17,False,4,22:00:34,00:00:34,Aprobada,2025-12-12,Observación ejemplo,Efectivo,466056.59,GHI978,Carro,True,False,4,37,False,False,4,,2025-11-30,22:00:34,False,4,Recibo,Descripción ejemplo,2025-10-31 22:00:34.006464,4,5,351,Paquete ejemplo,2025-11-15 22:00:34.006468,2025-11-18 22:00:34.006468,4,Novedad ejemplo,2025-11-19 22:00:34.006474,Obs extra 1,Obs extra 2
5,Carlos,Torres,Pasaporte,8574054,carlos.torres@mail.com,3934721231,3340915492,Activo,1,5,False,279,3,True,5,22:00:34,00:00:34,Rechazada,2025-11-25,Observación ejemplo,Transferencia,408933.88,DEF208,Moto,False,True,5,96,True,True,5,False,2026-01-01,22:00:34,False,5,Recibo,Descripción ejemplo,2025-11-17 22:00:34.006581,5,18,228,Paquete ejemplo,2025-11-17 22:00:34.006586,2025-11-19 22:00:34.006586,5,Novedad ejemplo,2025-11-16 22:00:34.006592,Obs extra 1,Obs extra 2
6,Carlos,Ramírez,TI,2867893,carlos.ramírez@mail.com,3205698703,3980360947,Activo,2,6,True,416,4,False,6,22:00:34,00:00:34,Aprobada,2025-11-28,Observación ejemplo,Transferencia,83566.62,GHI517,Moto,True,True,6,86,False,True,6,True,2026-01-16,22:00:34,False,6,Recibo,Descripción ejemplo,2025-11-08 22:00:34.006657,6,7,455,Paquete ejemplo,2025-11-11 22:00:34.006659,2025-11-12 22:00:34.006659,6,Novedad ejemplo,2025-11-12 22:00:34.006663,Obs extra 1,Obs extra 2
7,Pedro,Martínez,CC,8364684,pedro.martínez@mail.com,3225501703,3785151056,Activo,2,7,True,343,13,True,7,22:00:34,00:00:34,Aprobada,2025-11-21,Observación ejemplo,Transferencia,139186.25,DEF639,Moto,False,False,7,88,False,False,7,False,2025-11-26,22:00:34,False,7,Recibo,Descripción ejemplo,2025-11-14 22:00:34.006698,7,3,363,Paquete ejemplo,2025-11-16 22:00:34.006700,2025-11-17 22:00:34.006700,7,Novedad ejemplo,2025-11-17 22:00:34.006703,Obs extra 1,Obs extra 2
8,Luis,Pérez,CC,8670355,luis.pérez@mail.com,3662316435,3180014985,Activo,3,8,True,484,11,True,8,22:00:34,00:00:34,En espera,2025-11-21,Observación ejemplo,Transferencia,304728.4,XYZ422,Carro,True,False,8,62,False,True,8,,2025-12-26,22:00:34,False,8,Recibo,Descripción ejemplo,2025-11-13 22:00:34.006745,8,10,401,Paquete ejemplo,2025-11-13 22:00:34.006747,2025-11-15 22:00:34.006747,8,Novedad ejemplo,2025-11-18 22:00:34.006751,Obs extra 1,Obs extra 2
9,Pedro,López,Pasaporte,2833908,pedro.lópez@mail.com,3113994384,3152132838,Activo,2,9,True,208,14,False,9,22:00:34,00:00:34,Rechazada,2025-12-03,Observación ejemplo,Transferencia,220679.63,ABC176,Moto,False,True,9,71,False,False,9,,2025-12-19,22:00:34,True,9,Recibo,Descripción ejemplo,2025-11-04 22:00:34.006805,9,20,174,Paquete ejemplo,2025-11-17 22:00:34.006809,2025-11-22 22:00:34.006809,9,Novedad ejemplo,2025-11-18 22:00:34.006812,Obs extra 1,Obs extra 2
10,Diego,García,TI,7822465,diego.garcía@mail.com,3121332538,3381296018,Inactivo,3,10,False,225,3,False,10,22:00:34,00:00:34,En espera,2025-11-27,Observación ejemplo,Efectivo,90414.93,XYZ276,Moto,False,True,10,1,False,True,10,True,2026-01-08,22:00:34,True,10,Recibo,Descripción ejemplo,2025-10-27 22:00:34.006847,10,9,414,Paquete ejemplo,2025-11-14 22:00:34.006849,2025-11-16 22:00:34.006849,10,Novedad ejemplo,2025-11-15 22:00:34.006852,Obs extra 1,Obs extra 2
11,Sofía,García,CC,1637206,sofía.garcía@mail.com,3337289173,3164587292,Activo,3,11,False,441,5,False,11,22:00:34,00:00:34,Aprobada,2025-12-02,Observación ejemplo,Transferencia,154137.1,ABC813,Moto,False,True,11,33,True,False,11,True,2025-11-26,22:00:34,True,11,Recibo,Descripción ejemplo,2025-10-22 22:00:34.006883,11,10,393,Paquete ejemplo,2025-11-13 22:00:34.006885,2025-11-17 22:00:34.006885,11,Novedad ejemplo,2025-11-16 22:00:34.006888,Obs extra 1,Obs extra 2
12,María,Vargas,CE,7534165,maría.vargas@mail.com,3943639693,3311334398,Inactivo,1,12,False,394,3,True,12,22:00:34,00:00:34,Aprobada,2025-12-12,Observación ejemplo,Transferencia,359232.08,GHI942,Moto,False,False,12,99,True,True,12,True,2026-01-08,22:00:34,True,12,Recibo,Descripción ejemplo,2025-11-03 22:00:34.006920,12,5,130,Paquete ejemplo,2025-11-12 22:00:34.006922,2025-11-13 22:00:34.006922,12,Novedad ejemplo,2025-11-13 22:00:34.006925,Obs extra 1,Obs extra 2
13,Carlos,Ramírez,TI,7221279,carlos.ramírez@mail.com,3479844150,3602070936,Inactivo,2,13,True,305,6,True,13,22:00:34,00:00:34,En espera,2025-11-27,Observación ejemplo,Efectivo,231738.19,XYZ953,Carro,True,True,13,97,False,True,13,True,2026-01-01,22:00:34,True,13,Recibo,Descripción ejemplo,2025-11-04 22:00:34.006954,13,19,322,Paquete ejemplo,2025-11-19 22:00:34.006956,2025-11-20 22:00:34.006956,13,Novedad ejemplo,2025-11-07 22:00:34.006960,Obs extra 1,Obs extra 2
14,Sofía,Pérez,CC,6735884,sofía.pérez@mail.com,3887139342,3944666238,Activo,3,14,True,210,18,False,14,22:00:34,00:00:34,En espera,2025-12-15,Observación ejemplo,Efectivo,147734.88,ABC789,Carro,False,False,14,97,False,False,14,False,2025-12-13,22:00:34,False,14,Recibo,Descripción ejemplo,2025-10-30 22:00:34.006991,14,13,140,Paquete ejemplo,2025-11-16 22:00:34.006993,2025-11-19 22:00:34.006993,14,Novedad ejemplo,2025-11-16 22:00:34.006996,Obs extra 1,Obs extra 2
15,Sofía,López,TI,2236435,sofía.lópez@mail.com,3630494169,3777879052,Inactivo,1,15,False,170,13,True,15,22:00:34,00:00:34,En espera,2025-12-18,Observación ejemplo,Efectivo,162594.37,XYZ711,Moto,True,True,15,55,True,True,15,True,2026-01-10,22:00:34,True,15,Recibo,Descripción ejemplo,2025-10-29 22:00:34.007026,15,7,254,Paquete ejemplo,2025-11-19 22:00:34.007028,2025-11-24 22:00:34.007028,15,Novedad ejemplo,2025-11-20 22:00:34.007031,Obs extra 1,Obs extra 2
16,Diego,Gómez,CE,5287072,diego.gómez@mail.com,3987459276,3723059225,Activo,3,16,True,402,1,True,16,22:00:34,00:00:34,Aprobada,2025-12-13,Observación ejemplo,Efectivo,151079.25,GHI423,Moto,True,False,16,29,False,False,16,,2025-11-26,22:00:34,False,16,Recibo,Descripción ejemplo,2025-10-21 22:00:34.007061,16,19,159,Paquete ejemplo,2025-11-10 22:00:34.007063,2025-11-13 22:00:34.007063,16,Novedad ejemplo,2025-11-13 22:00:34.007066,Obs extra 1,Obs extra 2
17,Laura,Torres,CE,3774166,laura.torres@mail.com,3375683575,3522083839,Inactivo,3,17,True,434,14,True,17,22:00:34,00:00:34,Aprobada,2025-11-27,Observación ejemplo,Transferencia,433657.83,ABC474,Moto,True,True,17,22,False,True,17,True,2025-12-24,22:00:34,True,17,Recibo,Descripción ejemplo,2025-11-04 22:00:34.007126,17,14,477,Paquete ejemplo,2025-11-19 22:00:34.007129,2025-11-22 22:00:34.007129,17,Novedad ejemplo,2025-11-16 22:00:34.007132,Obs extra 1,Obs extra 2
18,Diego,García,TI,4166669,diego.garcía@mail.com,3583226972,3328621713,Inactivo,3,18,False,340,1,True,18,22:00:34,00:00:34,En espera,2025-12-11,Observación ejemplo,Transferencia,156967.3,ABC810,Moto,True,False,18,31,True,True,18,False,2025-12-28,22:00:34,False,18,Recibo,Descripción ejemplo,2025-11-07 22:00:34.007163,18,16,436,Paquete ejemplo,2025-11-17 22:00:34.007165,2025-11-21 22:00:34.007165,18,Novedad ejemplo,2025-11-07 22:00:34.007168,Obs extra 1,Obs extra 2
19,Diego,Pérez,Pasaporte,7433581,diego.pérez@mail.com,3122234872,3827915391,Activo,1,19,False,291,4,True,19,22:00:34,00:00:34,Rechazada,2025-12-01,Observación ejemplo,Efectivo,430407.06,XYZ826,Carro,True,False,19,45,True,False,19,False,2025-12-14,22:00:34,True,19,Recibo,Descripción ejemplo,2025-10-24 22:00:34.007201,19,12,288,Paquete ejemplo,2025-11-13 22:00:34.007208,2025-11-17 22:00:34.007208,19,Novedad ejemplo,2025-11-12 22:00:34.007214,Obs extra 1,Obs extra 2
20,Sofía,Torres,CE,6340163,sofía.torres@mail.com,3612507131,3876816620,Inactivo,2,20,False,498,1,True,20,22:00:34,00:00:34,En espera,2025-12-10,Observación ejemplo,Transferencia,125391.93,ABC515,Moto,False,True,20,100,True,True,20,True,2025-11-21,22:00:34,True,20,Recibo,Descripción ejemplo,2025-11-18 22:00:34.007274,20,17,348,Paquete ejemplo,2025-11-12 22:00:34.007277,2025-11-13 22:00:34.007277,20,Novedad ejemplo,2025-11-20 22:00:34.007280,Obs extra 1,Obs extra 2
21,Diego,Rodríguez,Pasaporte,9009367,diego.rodríguez@mail.com,3737932655,3629582649,Inactivo,1,21,False,189,14,True,21,22:00:34,00:00:34,Rechazada,2025-12-17,Observación ejemplo,Transferencia,57442.02,XYZ932,Carro,False,False,21,18,False,True,21,True,2025-12-25,22:00:34,False,21,Recibo,Descripción ejemplo,2025-11-06 22:00:34.007313,21,5,188,Paquete ejemplo,2025-11-10 22:00:34.007314,2025-11-14 22:00:34.007314,21,Novedad ejemplo,2025-11-19 22:00:34.007318,Obs extra 1,Obs extra 2
22,Pedro,Pérez,CE,1608625,pedro.pérez@mail.com,3617015922,3438965750,Inactivo,2,22,False,470,1,True,22,22:00:34,00:00:34,Rechazada,2025-11-21,Observación ejemplo,Efectivo,211060.45,DEF613,Carro,False,True,22,90,True,True,22,,2025-12-31,22:00:34,True,22,Recibo,Descripción ejemplo,2025-10-30 22:00:34.007348,22,10,234,Paquete ejemplo,2025-11-19 22:00:34.007350,2025-11-21 22:00:34.007350,22,Novedad ejemplo,2025-11-05 22:00:34.007353,Obs extra 1,Obs extra 2
23,Pedro,Rodríguez,Pasaporte,3300627,pedro.rodríguez@mail.com,3332038189,3882828882,Activo,2,23,False,121,13,True,23,22:00:34,00:00:34,En espera,2025-12-09,Observación ejemplo,Transferencia,421287.91,XYZ955,Carro,True,False,23,51,True,False,23,True,2026-01-18,22:00:34,True,23,Recibo,Descripción ejemplo,2025-11-08 22:00:34.007383,23,16,137,Paquete ejemplo,2025-11-16 22:00:34.007385,2025-11-17 22:00:34.007385,23,Novedad ejemplo,2025-11-12 22:00:34.007388,Obs extra 1,Obs extra 2
24,Valentina,García,Pasaporte,2057266,valentina.garcía@mail.com,3230086671,3145398031,Activo,2,24,True,449,18,True,24,22:00:34,00:00:34,En espera,2025-12-03,Observación ejemplo,Efectivo,187666.51,ABC997,Carro,False,False,24,91,False,True,24,,2026-01-13,22:00:34,False,24,Recibo,Descripción ejemplo,2025-10-21 22:00:34.007423,24,10,170,Paquete ejemplo,2025-11-14 22:00:34.007426,2025-11-18 22:00:34.007426,24,Novedad ejemplo,2025-11-16 22:00:34.007433,Obs extra 1,Obs extra 2
25,Juan,Rodríguez,CC,7464153,juan.rodríguez@mail.com,3865885832,3700814261,Activo,2,25,False,219,7,False,25,22:00:34,00:00:34,Rechazada,2025-12-14,Observación ejemplo,Efectivo,285519.34,DEF312,Moto,False,False,25,94,False,False,25,False,2025-12-03,22:00:34,False,25,Recibo,Descripción ejemplo,2025-11-17 22:00:34.007492,25,7,123,Paquete ejemplo,2025-11-10 22:00:34.007496,2025-11-13 22:00:34.007496,25,Novedad ejemplo,2025-11-08 22:00:34.007502,Obs extra 1,Obs extra 2
26,Carlos,Gómez,CC,4035146,carlos.gómez@mail.com,3169288998,3749684315,Inactivo,3,26,False,484,19,False,26,22:00:34,00:00:34,En espera,2025-12-08,Observación ejemplo,Transferencia,399868.88,ABC155,Carro,True,True,26,70,False,False,26,True,2025-12-27,22:00:34,True,26,Recibo,Descripción ejemplo,2025-10-26 22:00:34.007550,26,9,169,Paquete ejemplo,2025-11-12 22:00:34.007552,2025-11-13 22:00:34.007552,26,Novedad ejemplo,2025-11-12 22:00:34.007556,Obs extra 1,Obs extra 2
27,Ana,Rodríguez,TI,1439622,ana.rodríguez@mail.com,3505665315,3251226645,Activo,2,27,False,433,19,True,27,22:00:34,00:00:34,Rechazada,2025-12-06,Observación ejemplo,Transferencia,86860.87,ABC896,Carro,True,True,27,39,False,True,27,True,2026-01-10,22:00:34,False,27,Recibo,Descripción ejemplo,2025-11-13 22:00:34.007615,27,17,390,Paquete ejemplo,2025-11-14 22:00:34.007619,2025-11-16 22:00:34.007619,27,Novedad ejemplo,2025-11-12 22:00:34.007623,Obs extra 1,Obs extra 2
28,Juan,Pérez,TI,2027601,juan.pérez@mail.com,3610170042,3534674557,Inactivo,3,28,True,445,2,True,28,22:00:34,00:00:34,Aprobada,2025-12-05,Observación ejemplo,Efectivo,66350.17,GHI653,Moto,False,False,28,74,True,False,28,False,2025-12-12,22:00:34,True,28,Recibo,Descripción ejemplo,2025-10-27 22:00:34.007690,28,11,122,Paquete ejemplo,2025-11-12 22:00:34.007694,2025-11-13 22:00:34.007694,28,Novedad ejemplo,2025-11-15 22:00:34.007699,Obs extra 1,Obs extra 2
29,Ana,Vargas,CE,7849299,ana.vargas@mail.com,3840137520,3847475953,Inactivo,3,29,False,416,19,False,29,22:00:34,00:00:34,En espera,2025-11-21,Observación ejemplo,Efectivo,358476.32,GHI896,Carro,True,False,29,64,True,True,29,,2025-11-24,22:00:34,False,29,Recibo,Descripción ejemplo,2025-11-10 22:00:34.007745,29,20,367,Paquete ejemplo,2025-11-16 22:00:34.007748,2025-11-19 22:00:34.007748,29,Novedad ejemplo,2025-11-05 22:00:34.007753,Obs extra 1,Obs extra 2
30,Ana,López,CC,2013093,ana.lópez@mail.com,3346877568,3169097765,Inactivo,2,30,False,287,5,False,30,22:00:34,00:00:34,En espera,2025-12-07,Observación ejemplo,Efectivo,475913.93,GHI218,Carro,False,True,30,95,True,True,30,False,2025-12-02,22:00:34,True,30,Recibo,Descripción ejemplo,2025-10-24 22:00:34.007796,30,8,128,Paquete ejemplo,2025-11-11 22:00:34.007802,2025-11-15 22:00:34.007802,30,Novedad ejemplo,2025-11-13 22:00:34.007806,Obs extra 1,Obs extra 2
31,Luis,Martínez,CC,2542052,luis.martínez@mail.com,3639791655,3911592269,Inactivo,3,31,True,229,10,True,31,22:00:34,00:00:34,Aprobada,2025-12-15,Observación ejemplo,Transferencia,67896.58,XYZ645,Carro,True,False,31,13,True,True,31,False,2025-11-22,22:00:34,True,31,Recibo,Descripción ejemplo,2025-10-26 22:00:34.007850,31,4,266,Paquete ejemplo,2025-11-11 22:00:34.007853,2025-11-14 22:00:34.007853,31,Novedad ejemplo,2025-11-12 22:00:34.007857,Obs extra 1,Obs extra 2
32,Juan,Martínez,CE,5625606,juan.martínez@mail.com,3874137685,3532090366,Inactivo,3,32,True,137,6,True,32,22:00:34,00:00:34,Aprobada,2025-12-11,Observación ejemplo,Efectivo,274927.34,ABC262,Carro,False,True,32,84,True,False,32,True,2025-12-23,22:00:34,False,32,Recibo,Descripción ejemplo,2025-11-05 22:00:34.007901,32,3,127,Paquete ejemplo,2025-11-13 22:00:34.007904,2025-11-16 22:00:34.007904,32,Novedad ejemplo,2025-11-17 22:00:34.007911,Obs extra 1,Obs extra 2
33,Luis,Martínez,CE,4477315,luis.martínez@mail.com,3696839910,3300227332,Inactivo,1,33,True,400,1,True,33,22:00:34,00:00:34,Aprobada,2025-12-08,Observación ejemplo,Efectivo,253793.94,DEF344,Moto,True,False,33,38,True,False,33,True,2025-12-11,22:00:34,False,33,Recibo,Descripción ejemplo,2025-11-11 22:00:34.007955,33,5,234,Paquete ejemplo,2025-11-15 22:00:34.007958,2025-11-20 22:00:34.007958,33,Novedad ejemplo,2025-11-15 22:00:34.007962,Obs extra 1,Obs extra 2
34,Valentina,Vargas,CC,3019813,valentina.vargas@mail.com,3236800756,3884475977,Inactivo,3,34,False,390,8,True,34,22:00:34,00:00:34,En espera,2025-12-15,Observación ejemplo,Transferencia,393406.72,DEF500,Moto,True,True,34,8,True,True,34,False,2025-11-21,22:00:34,True,34,Recibo,Descripción ejemplo,2025-11-04 22:00:34.008005,34,20,102,Paquete ejemplo,2025-11-13 22:00:34.008009,2025-11-15 22:00:34.008009,34,Novedad ejemplo,2025-11-08 22:00:34.008015,Obs extra 1,Obs extra 2
35,Juan,Martínez,CE,8468797,juan.martínez@mail.com,3524783903,3965874250,Inactivo,2,35,True,208,4,False,35,22:00:34,00:00:34,Aprobada,2025-11-23,Observación ejemplo,Transferencia,180714.2,XYZ733,Moto,False,False,35,28,True,True,35,False,2025-12-26,22:00:34,True,35,Recibo,Descripción ejemplo,2025-11-18 22:00:34.008074,35,8,134,Paquete ejemplo,2025-11-17 22:00:34.008077,2025-11-21 22:00:34.008077,35,Novedad ejemplo,2025-11-07 22:00:34.008084,Obs extra 1,Obs extra 2
36,Juan,Vargas,CE,6141465,juan.vargas@mail.com,3796929566,3955805430,Inactivo,1,36,False,421,6,True,36,22:00:34,00:00:34,Rechazada,2025-11-21,Observación ejemplo,Transferencia,119907.09,XYZ447,Carro,True,True,36,25,False,False,36,True,2025-12-13,22:00:34,True,36,Recibo,Descripción ejemplo,2025-10-26 22:00:34.008146,36,19,480,Paquete ejemplo,2025-11-10 22:00:34.008150,2025-11-13 22:00:34.008150,36,Novedad ejemplo,2025-11-11 22:00:34.008156,Obs extra 1,Obs extra 2
37,Luis,Hernández,CC,7941830,luis.hernández@mail.com,3820613246,3905499809,Activo,3,37,True,399,9,True,37,22:00:34,00:00:34,Aprobada,2025-11-24,Observación ejemplo,Transferencia,440534.46,XYZ236,Carro,True,False,37,21,True,True,37,False,2026-01-14,22:00:34,False,37,Recibo,Descripción ejemplo,2025-11-05 22:00:34.008215,37,20,245,Paquete ejemplo,2025-11-11 22:00:34.008219,2025-11-12 22:00:34.008219,37,Novedad ejemplo,2025-11-13 22:00:34.008224,Obs extra 1,Obs extra 2
38,Ana,Rodríguez,Pasaporte,8215814,ana.rodríguez@mail.com,3793790861,3858359325,Inactivo,1,38,False,420,9,False,38,22:00:34,00:00:34,Rechazada,2025-12-02,Observación ejemplo,Efectivo,249762.0,ABC572,Moto,True,True,38,100,True,False,38,True,2026-01-07,22:00:34,False,38,Recibo,Descripción ejemplo,2025-11-02 22:00:34.008315,38,9,129,Paquete ejemplo,2025-11-18 22:00:34.008319,2025-11-23 22:00:34.008319,38,Novedad ejemplo,2025-11-19 22:00:34.008324,Obs extra 1,Obs extra 2
39,Sofía,Ramírez,CE,8229746,sofía.ramírez@mail.com,3831484723,3644023777,Inactivo,2,39,False,352,20,False,39,22:00:34,00:00:34,Rechazada,2025-11-23,Observación ejemplo,Transferencia,349705.99,GHI862,Moto,True,True,39,56,False,False,39,,2026-01-03,22:00:34,False,39,Recibo,Descripción ejemplo,2025-11-14 22:00:34.008380,39,18,180,Paquete ejemplo,2025-11-10 22:00:34.008382,2025-11-12 22:00:34.008382,39,Novedad ejemplo,2025-11-17 22:00:34.008385,Obs extra 1,Obs extra 2
40,María,Torres,CC,5277097,maría.torres@mail.com,3442796237,3672496669,Inactivo,1,40,True,271,5,False,40,22:00:34,00:00:34,Rechazada,2025-11-22,Observación ejemplo,Efectivo,483094.66,DEF453,Moto,True,False,40,62,False,False,40,False,2026-01-08,22:00:34,True,40,Recibo,Descripción ejemplo,2025-10-22 22:00:34.008416,40,9,386,Paquete ejemplo,2025-11-10 22:00:34.008418,2025-11-12 22:00:34.008418,40,Novedad ejemplo,2025-11-10 22:00:34.008421,Obs extra 1,Obs extra 2
41,Luis,García,CE,5295453,luis.garcía@mail.com,3546193513,3200382337,Inactivo,2,41,True,270,10,False,41,22:00:34,00:00:34,Rechazada,2025-11-30,Observación ejemplo,Efectivo,111350.58,XYZ625,Carro,True,True,41,56,False,False,41,True,2025-12-04,22:00:34,True,41,Recibo,Descripción ejemplo,2025-11-16 22:00:34.008450,41,17,332,Paquete ejemplo,2025-11-16 22:00:34.008452,2025-11-19 22:00:34.008452,41,Novedad ejemplo,2025-11-11 22:00:34.008455,Obs extra 1,Obs extra 2
42,Valentina,Vargas,CC,8992545,valentina.vargas@mail.com,3286534387,3391048040,Activo,3,42,True,151,5,True,42,22:00:34,00:00:34,Rechazada,2025-11-26,Observación ejemplo,Transferencia,115135.64,XYZ909,Carro,True,True,42,92,True,False,42,,2025-12-13,22:00:34,True,42,Recibo,Descripción ejemplo,2025-11-07 22:00:34.008485,42,2,490,Paquete ejemplo,2025-11-12 22:00:34.008487,2025-11-15 22:00:34.008487,42,Novedad ejemplo,2025-11-11 22:00:34.008490,Obs extra 1,Obs extra 2
43,Valentina,Pérez,Pasaporte,6201980,valentina.pérez@mail.com,3286993056,3977142815,Activo,2,43,False,423,6,True,43,22:00:34,00:00:34,En espera,2025-12-16,Observación ejemplo,Efectivo,442545.62,GHI942,Moto,False,False,43,18,True,False,43,,2026-01-14,22:00:34,False,43,Recibo,Descripción ejemplo,2025-11-19 22:00:34.008529,43,15,293,Paquete ejemplo,2025-11-10 22:00:34.008533,2025-11-12 22:00:34.008533,43,Novedad ejemplo,2025-11-11 22:00:34.008539,Obs extra 1,Obs extra 2
44,Valentina,Pérez,TI,5839655,valentina.pérez@mail.com,3790889824,3804501714,Activo,3,44,True,385,4,True,44,22:00:34,00:00:34,Rechazada,2025-12-10,Observación ejemplo,Efectivo,313487.95,XYZ964,Carro,True,False,44,84,True,False,44,False,2025-12-20,22:00:34,False,44,Recibo,Descripción ejemplo,2025-10-24 22:00:34.008598,44,11,384,Paquete ejemplo,2025-11-16 22:00:34.008601,2025-11-17 22:00:34.008601,44,Novedad ejemplo,2025-11-17 22:00:34.008609,Obs extra 1,Obs extra 2
45,Diego,López,Pasaporte,5112280,diego.lópez@mail.com,3212117448,3676751014,Activo,2,45,False,341,12,True,45,22:00:34,00:00:34,En espera,2025-12-15,Observación ejemplo,Transferencia,176222.9,ABC668,Moto,False,False,45,97,False,False,45,True,2025-12-18,22:00:34,True,45,Recibo,Descripción ejemplo,2025-11-08 22:00:34.008656,45,2,468,Paquete ejemplo,2025-11-18 22:00:34.008658,2025-11-19 22:00:34.008658,45,Novedad ejemplo,2025-11-19 22:00:34.008668,Obs extra 1,Obs extra 2
46,Diego,López,TI,8293952,diego.lópez@mail.com,3107225241,3536921876,Inactivo,2,46,False,256,20,True,46,22:00:34,00:00:34,Rechazada,2025-11-24,Observación ejemplo,Transferencia,137362.28,XYZ301,Moto,False,True,46,47,False,True,46,,2026-01-05,22:00:34,True,46,Recibo,Descripción ejemplo,2025-11-15 22:00:34.008722,46,6,441,Paquete ejemplo,2025-11-12 22:00:34.008724,2025-11-17 22:00:34.008724,46,Novedad ejemplo,2025-11-07 22:00:34.008727,Obs extra 1,Obs extra 2
47,Juan,Ramírez,CC,4676704,juan.ramírez@mail.com,3100081729,3512024575,Inactivo,2,47,True,179,2,False,47,22:00:34,00:00:34,Rechazada,2025-12-01,Observación ejemplo,Transferencia,288631.99,GHI563,Carro,False,False,47,22,True,True,47,False,2025-11-29,22:00:34,False,47,Recibo,Descripción ejemplo,2025-10-27 22:00:34.008773,47,18,249,Paquete ejemplo,2025-11-11 22:00:34.008777,2025-11-16 22:00:34.008777,47,Novedad ejemplo,2025-11-09 22:00:34.008783,Obs extra 1,Obs extra 2
48,Carlos,García,CC,2276078,carlos.garcía@mail.com,3150641726,3608210970,Inactivo,1,48,False,256,10,False,48,22:00:34,00:00:34,En espera,2025-12-02,Observación ejemplo,Efectivo,184594.47,ABC184,Moto,True,True,48,52,True,False,48,,2025-11-30,22:00:34,False,48,Recibo,Descripción ejemplo,2025-11-02 22:00:34.008818,48,8,386,Paquete ejemplo,2025-11-17 22:00:34.008820,2025-11-22 22:00:34.008820,48,Novedad ejemplo,2025-11-14 22:00:34.008823,Obs extra 1,Obs extra 2
49,Valentina,Vargas,CE,2073361,valentina.vargas@mail.com,3650880828,3349728439,Activo,3,49,True,366,4,True,49,22:00:34,00:00:34,En espera,2025-12-15,Observación ejemplo,Transferencia,86893.4,DEF239,Carro,True,True,49,78,True,False,49,,2025-12-01,22:00:34,False,49,Recibo,Descripción ejemplo,2025-11-02 22:00:34.008870,49,1,275,Paquete ejemplo,2025-11-19 22:00:34.008872,2025-11-21 22:00:34.008872,49,Novedad ejemplo,2025-11-11 22:00:34.008875,Obs extra 1,Obs extra 2
50,Diego,Pérez,Pasaporte,3918866,diego.pérez@mail.com,3920414202,3568153306,Inactivo,3,50,True,271,3,False,50,22:00:34,00:00:34,Rechazada,2025-12-12,Observación ejemplo,Transferencia,175205.9,XYZ940,Carro,False,False,50,42,True,False,50,,2025-12-18,22:00:34,False,50,Recibo,Descripción ejemplo,2025-10-28 22:00:34.008905,50,5,187,Paquete ejemplo,2025-11-11 22:00:34.008907,2025-11-13 22:00:34.008907,50,Novedad ejemplo,2025-11-10 22:00:34.008910,Obs extra 1,Obs extra 2
51,Ana,Rodríguez,TI,7920451,ana.rodríguez@mail.com,3805542601,3578541564,Activo,3,51,False,444,1,False,51,22:00:34,00:00:34,Rechazada,2025-12-07,Observación ejemplo,Efectivo,419835.11,XYZ542,Carro,False,False,51,7,True,True,51,True,2025-12-05,22:00:34,False,51,Recibo,Descripción ejemplo,2025-11-19 22:00:34.008940,51,19,225,Paquete ejemplo,2025-11-17 22:00:34.008942,2025-11-20 22:00:34.008942,51,Novedad ejemplo,2025-11-16 22:00:34.008945,Obs extra 1,Obs extra 2
52,Diego,Hernández,CE,4513251,diego.hernández@mail.com,3982679879,3840673217,Inactivo,1,52,True,375,19,True,52,22:00:34,00:00:34,Rechazada,2025-12-16,Observación ejemplo,Efectivo,173130.66,ABC228,Moto,True,True,52,13,True,False,52,True,2025-12-15,22:00:34,False,52,Recibo,Descripción ejemplo,2025-11-08 22:00:34.008975,52,1,232,Paquete ejemplo,2025-11-17 22:00:34.008977,2025-11-19 22:00:34.008977,52,Novedad ejemplo,2025-11-14 22:00:34.008980,Obs extra 1,Obs extra 2
53,Carlos,Ramírez,Pasaporte,7747758,carlos.ramírez@mail.com,3478153795,3853820695,Inactivo,1,53,True,135,3,False,53,22:00:34,00:00:34,Rechazada,2025-12-13,Observación ejemplo,Efectivo,397323.06,XYZ624,Carro,True,True,53,73,False,True,53,,2026-01-19,22:00:34,True,53,Recibo,Descripción ejemplo,2025-11-06 22:00:34.009210,53,11,461,Paquete ejemplo,2025-11-14 22:00:34.009214,2025-11-19 22:00:34.009214,53,Novedad ejemplo,2025-11-09 22:00:34.009220,Obs extra 1,Obs extra 2
54,Sofía,Vargas,TI,1629593,sofía.vargas@mail.com,3486370240,3566874424,Activo,1,54,False,413,9,True,54,22:00:34,00:00:34,Aprobada,2025-12-13,Observación ejemplo,Efectivo,182320.85,ABC448,Moto,False,False,54,21,False,True,54,,2025-11-28,22:00:34,False,54,Recibo,Descripción ejemplo,2025-11-09 22:00:34.009296,54,17,496,Paquete ejemplo,2025-11-19 22:00:34.009301,2025-11-21 22:00:34.009301,54,Novedad ejemplo,2025-11-10 22:00:34.009305,Obs extra 1,Obs extra 2
55,Diego,Hernández,Pasaporte,5556891,diego.hernández@mail.com,3531392290,3588439548,Activo,2,55,True,237,10,True,55,22:00:34,00:00:34,Rechazada,2025-12-20,Observación ejemplo,Efectivo,115356.03,DEF656,Moto,False,False,55,26,False,False,55,,2025-12-12,22:00:34,False,55,Recibo,Descripción ejemplo,2025-10-22 22:00:34.009340,55,3,297,Paquete ejemplo,2025-11-16 22:00:34.009341,2025-11-20 22:00:34.009341,55,Novedad ejemplo,2025-11-20 22:00:34.009345,Obs extra 1,Obs extra 2
56,María,Gómez,CE,1435473,maría.gómez@mail.com,3371266467,3441627979,Activo,2,56,False,378,6,True,56,22:00:34,00:00:34,Rechazada,2025-12-02,Observación ejemplo,Transferencia,195108.43,ABC618,Moto,True,True,56,87,True,False,56,True,2025-12-01,22:00:34,False,56,Recibo,Descripción ejemplo,2025-11-07 22:00:34.009403,56,13,268,Paquete ejemplo,2025-11-18 22:00:34.009407,2025-11-20 22:00:34.009407,56,Novedad ejemplo,2025-11-09 22:00:34.009413,Obs extra 1,Obs extra 2
57,Sofía,Rodríguez,CC,6614882,sofía.rodríguez@mail.com,3502688005,3543786363,Inactivo,3,57,False,393,2,False,57,22:00:34,00:00:34,Rechazada,2025-12-19,Observación ejemplo,Efectivo,473419.98,GHI978,Moto,False,True,57,83,False,True,57,,2025-11-24,22:00:34,True,57,Recibo,Descripción ejemplo,2025-11-04 22:00:34.009502,57,16,470,Paquete ejemplo,2025-11-12 22:00:34.009505,2025-11-13 22:00:34.009505,57,Novedad ejemplo,2025-11-05 22:00:34.009511,Obs extra 1,Obs extra 2
58,Valentina,Torres,CC,5744165,valentina.torres@mail.com,3176261152,3775565515,Inactivo,2,58,False,251,8,False,58,22:00:34,00:00:34,En espera,2025-12-15,Observación ejemplo,Efectivo,112248.55,DEF260,Carro,False,True,58,1,False,False,58,True,2025-12-01,22:00:34,True,58,Recibo,Descripción ejemplo,2025-11-12 22:00:34.009572,58,7,158,Paquete ejemplo,2025-11-19 22:00:34.009575,2025-11-20 22:00:34.009575,58,Novedad ejemplo,2025-11-09 22:00:34.009581,Obs extra 1,Obs extra 2
59,Valentina,López,CE,6273717,valentina.lópez@mail.com,3131368313,3541943163,Inactivo,1,59,False,145,4,True,59,22:00:34,00:00:34,Aprobada,2025-12-15,Observación ejemplo,Transferencia,114210.25,XYZ942,Moto,True,False,59,2,True,True,59,,2025-12-09,22:00:34,False,59,Recibo,Descripción ejemplo,2025-11-03 22:00:34.009639,59,11,140,Paquete ejemplo,2025-11-12 22:00:34.009641,2025-11-16 22:00:34.009641,59,Novedad ejemplo,2025-11-09 22:00:34.009645,Obs extra 1,Obs extra 2
60,Juan,Torres,Pasaporte,4060191,juan.torres@mail.com,3641640886,3761414124,Inactivo,2,60,True,191,11,True,60,22:00:34,00:00:34,En espera,2025-12-07,Observación ejemplo,Efectivo,467117.81,XYZ562,Moto,False,False,60,52,True,True,60,,2025-12-28,22:00:34,True,60,Recibo,Descripción ejemplo,2025-11-02 22:00:34.009694,60,3,104,Paquete ejemplo,2025-11-14 22:00:34.009697,2025-11-17 22:00:34.009697,60,Novedad ejemplo,2025-11-08 22:00:34.009703,Obs extra 1,Obs extra 2
61,Diego,Pérez,TI,9336035,diego.pérez@mail.com,3416194276,3426455246,Inactivo,2,61,False,329,4,False,61,22:00:34,00:00:34,En espera,2025-11-30,Observación ejemplo,Efectivo,331778.22,DEF534,Carro,True,True,61,40,False,True,61,,2025-11-29,22:00:34,False,61,Recibo,Descripción ejemplo,2025-11-16 22:00:34.009760,61,9,254,Paquete ejemplo,2025-11-12 22:00:34.009762,2025-11-17 22:00:34.009762,61,Novedad ejemplo,2025-11-06 22:00:34.009765,Obs extra 1,Obs extra 2
62,María,García,CC,1891791,maría.garcía@mail.com,3531794507,3263100749,Activo,1,62,False,138,6,False,62,22:00:34,00:00:34,Aprobada,2025-12-15,Observación ejemplo,Efectivo,363020.37,XYZ847,Moto,False,True,62,24,True,False,62,,2026-01-10,22:00:34,False,62,Recibo,Descripción ejemplo,2025-11-10 22:00:34.009802,62,3,415,Paquete ejemplo,2025-11-15 22:00:34.009831,2025-11-17 22:00:34.009831,62,Novedad ejemplo,2025-11-18 22:00:34.009834,Obs extra 1,Obs extra 2
63,Luis,Vargas,CE,2867779,luis.vargas@mail.com,3569466853,3126591688,Inactivo,1,63,False,274,11,True,63,22:00:34,00:00:34,En espera,2025-12-10,Observación ejemplo,Efectivo,136807.71,XYZ214,Carro,False,True,63,14,False,False,63,False,2025-11-26,22:00:34,False,63,Recibo,Descripción ejemplo,2025-11-04 22:00:34.009875,63,6,338,Paquete ejemplo,2025-11-13 22:00:34.009879,2025-11-17 22:00:34.009879,63,Novedad ejemplo,2025-11-05 22:00:34.009885,Obs extra 1,Obs extra 2
64,Luis,García,CE,7806632,luis.garcía@mail.com,3496140305,3602445412,Activo,1,64,True,408,6,True,64,22:00:34,00:00:34,En espera,2025-12-19,Observación ejemplo,Transferencia,126611.12,ABC871,Carro,True,False,64,64,True,True,64,False,2025-12-22,22:00:34,True,64,Recibo,Descripción ejemplo,2025-10-22 22:00:34.009934,64,20,253,Paquete ejemplo,2025-11-13 22:00:34.009936,2025-11-17 22:00:34.009936,64,Novedad ejemplo,2025-11-16 22:00:34.009939,Obs extra 1,Obs extra 2
65,Pedro,Gómez,Pasaporte,9977863,pedro.gómez@mail.com,3129701979,3621142948,Inactivo,3,65,False,234,11,False,65,22:00:34,00:00:34,En espera,2025-12-13,Observación ejemplo,Efectivo,312673.11,ABC600,Moto,True,True,65,50,False,False,65,True,2025-12-07,22:00:34,False,65,Recibo,Descripción ejemplo,2025-10-30 22:00:34.009985,65,15,225,Paquete ejemplo,2025-11-10 22:00:34.009989,2025-11-11 22:00:34.009989,65,Novedad ejemplo,2025-11-11 22:00:34.009994,Obs extra 1,Obs extra 2
66,Diego,Ramírez,TI,6663580,diego.ramírez@mail.com,3478745420,3447774852,Inactivo,2,66,False,284,4,True,66,22:00:34,00:00:34,Rechazada,2025-11-23,Observación ejemplo,Transferencia,138483.81,DEF346,Carro,True,True,66,78,True,True,66,False,2026-01-05,22:00:34,True,66,Recibo,Descripción ejemplo,2025-11-09 22:00:34.010056,66,7,253,Paquete ejemplo,2025-11-13 22:00:34.010060,2025-11-17 22:00:34.010060,66,Novedad ejemplo,2025-11-14 22:00:34.010065,Obs extra 1,Obs extra 2
67,Valentina,Vargas,CC,3324361,valentina.vargas@mail.com,3104978885,3832473557,Activo,3,67,False,369,3,True,67,22:00:34,00:00:34,Rechazada,2025-12-15,Observación ejemplo,Transferencia,322396.24,DEF617,Carro,True,True,67,25,True,False,67,False,2026-01-18,22:00:34,False,67,Recibo,Descripción ejemplo,2025-10-28 22:00:34.010123,67,6,347,Paquete ejemplo,2025-11-18 22:00:34.010126,2025-11-22 22:00:34.010126,67,Novedad ejemplo,2025-11-10 22:00:34.010132,Obs extra 1,Obs extra 2
68,María,Rodríguez,CE,9547655,maría.rodríguez@mail.com,3797003329,3148136631,Inactivo,1,68,True,488,5,True,68,22:00:34,00:00:34,Rechazada,2025-12-06,Observación ejemplo,Efectivo,239050.34,DEF131,Moto,False,False,68,42,True,False,68,False,2025-11-29,22:00:34,False,68,Recibo,Descripción ejemplo,2025-11-07 22:00:34.010273,68,3,497,Paquete ejemplo,2025-11-17 22:00:34.010277,2025-11-19 22:00:34.010277,68,Novedad ejemplo,2025-11-14 22:00:34.010283,Obs extra 1,Obs extra 2
69,Pedro,López,CC,7755660,pedro.lópez@mail.com,3612936865,3376753175,Inactivo,2,69,True,226,4,True,69,22:00:34,00:00:34,Rechazada,2025-11-29,Observación ejemplo,Transferencia,77731.74,DEF583,Moto,True,False,69,16,False,False,69,False,2025-12-14,22:00:34,True,69,Recibo,Descripción ejemplo,2025-10-30 22:00:34.010330,69,5,457,Paquete ejemplo,2025-11-19 22:00:34.010332,2025-11-24 22:00:34.010332,69,Novedad ejemplo,2025-11-14 22:00:34.010335,Obs extra 1,Obs extra 2
70,Ana,Ramírez,Pasaporte,9393227,ana.ramírez@mail.com,3899194241,3199000652,Activo,2,70,False,370,5,False,70,22:00:34,00:00:34,Rechazada,2025-12-17,Observación ejemplo,Efectivo,129386.27,GHI450,Carro,False,False,70,10,True,False,70,False,2025-12-11,22:00:34,False,70,Recibo,Descripción ejemplo,2025-11-03 22:00:34.010392,70,15,466,Paquete ejemplo,2025-11-18 22:00:34.010397,2025-11-22 22:00:34.010397,70,Novedad ejemplo,2025-11-17 22:00:34.010403,Obs extra 1,Obs extra 2
71,Pedro,Pérez,CE,8222960,pedro.pérez@mail.com,3679734979,3988299277,Activo,3,71,True,354,6,True,71,22:00:34,00:00:34,Rechazada,2025-12-18,Observación ejemplo,Efectivo,495650.54,ABC906,Moto,False,False,71,20,False,False,71,False,2026-01-18,22:00:34,False,71,Recibo,Descripción ejemplo,2025-10-27 22:00:34.010453,71,20,188,Paquete ejemplo,2025-11-10 22:00:34.010457,2025-11-14 22:00:34.010457,71,Novedad ejemplo,2025-11-14 22:00:34.010462,Obs extra 1,Obs extra 2
72,Valentina,Torres,TI,6182744,valentina.torres@mail.com,3864531325,3836281591,Inactivo,1,72,True,493,8,True,72,22:00:34,00:00:34,Rechazada,2025-11-27,Observación ejemplo,Transferencia,113252.91,GHI351,Moto,False,True,72,50,False,True,72,,2025-12-14,22:00:34,False,72,Recibo,Descripción ejemplo,2025-10-25 22:00:34.010516,72,11,248,Paquete ejemplo,2025-11-18 22:00:34.010520,2025-11-21 22:00:34.010520,72,Novedad ejemplo,2025-11-14 22:00:34.010526,Obs extra 1,Obs extra 2
73,Pedro,López,CE,6226205,pedro.lópez@mail.com,3117649450,3108273207,Inactivo,1,73,False,175,10,False,73,22:00:34,00:00:34,Aprobada,2025-12-19,Observación ejemplo,Transferencia,470793.02,ABC814,Carro,True,True,73,69,False,False,73,False,2025-12-03,22:00:34,True,73,Recibo,Descripción ejemplo,2025-10-31 22:00:34.010579,73,10,308,Paquete ejemplo,2025-11-15 22:00:34.010583,2025-11-18 22:00:34.010583,73,Novedad ejemplo,2025-11-09 22:00:34.010589,Obs extra 1,Obs extra 2
74,Carlos,López,CE,8149693,carlos.lópez@mail.com,3555777658,3786116506,Inactivo,3,74,False,353,1,True,74,22:00:34,00:00:34,Rechazada,2025-12-07,Observación ejemplo,Transferencia,177909.45,GHI727,Moto,True,False,74,74,True,True,74,False,2026-01-13,22:00:34,True,74,Recibo,Descripción ejemplo,2025-11-12 22:00:34.010647,74,16,203,Paquete ejemplo,2025-11-14 22:00:34.010651,2025-11-17 22:00:34.010651,74,Novedad ejemplo,2025-11-07 22:00:34.010657,Obs extra 1,Obs extra 2
75,Juan,Rodríguez,CE,9132787,juan.rodríguez@mail.com,3563481783,3249737227,Inactivo,3,75,True,199,13,False,75,22:00:34,00:00:34,Rechazada,2025-12-17,Observación ejemplo,Transferencia,139812.56,ABC463,Carro,True,False,75,73,True,False,75,,2025-12-16,22:00:34,False,75,Recibo,Descripción ejemplo,2025-11-09 22:00:34.010710,75,6,439,Paquete ejemplo,2025-11-16 22:00:34.010711,2025-11-18 22:00:34.010711,75,Novedad ejemplo,2025-11-12 22:00:34.010715,Obs extra 1,Obs extra 2
76,Juan,López,CC,7835377,juan.lópez@mail.com,3197029633,3370821447,Activo,2,76,False,348,12,False,76,22:00:34,00:00:34,Rechazada,2025-11-27,Observación ejemplo,Transferencia,258688.74,DEF371,Carro,False,True,76,8,True,False,76,,2025-12-08,22:00:34,False,76,Recibo,Descripción ejemplo,2025-10-27 22:00:34.010757,76,10,241,Paquete ejemplo,2025-11-15 22:00:34.010761,2025-11-20 22:00:34.010761,76,Novedad ejemplo,2025-11-08 22:00:34.010767,Obs extra 1,Obs extra 2
77,Valentina,López,CE,6444993,valentina.lópez@mail.com,3740856688,3333337813,Inactivo,2,77,False,437,2,False,77,22:00:34,00:00:34,Aprobada,2025-11-30,Observación ejemplo,Transferencia,452937.63,GHI454,Moto,False,True,77,65,False,False,77,True,2026-01-14,22:00:34,True,77,Recibo,Descripción ejemplo,2025-10-29 22:00:34.010819,77,11,416,Paquete ejemplo,2025-11-15 22:00:34.010821,2025-11-18 22:00:34.010821,77,Novedad ejemplo,2025-11-05 22:00:34.010825,Obs extra 1,Obs extra 2
78,Diego,Torres,Pasaporte,9508635,diego.torres@mail.com,3614656593,3265465394,Activo,1,78,False,241,19,True,78,22:00:34,00:00:34,Rechazada,2025-11-25,Observación ejemplo,Efectivo,211735.13,DEF716,Carro,True,False,78,27,True,True,78,False,2025-12-13,22:00:34,False,78,Recibo,Descripción ejemplo,2025-11-08 22:00:34.010878,78,13,186,Paquete ejemplo,2025-11-17 22:00:34.010880,2025-11-19 22:00:34.010880,78,Novedad ejemplo,2025-11-15 22:00:34.010883,Obs extra 1,Obs extra 2
79,Luis,Pérez,Pasaporte,1749952,luis.pérez@mail.com,3707433876,3851530063,Activo,3,79,True,475,13,True,79,22:00:34,00:00:34,Rechazada,2025-12-06,Observación ejemplo,Efectivo,392781.84,GHI620,Carro,False,True,79,22,False,False,79,False,2025-12-18,22:00:34,False,79,Recibo,Descripción ejemplo,2025-11-06 22:00:34.010913,79,9,214,Paquete ejemplo,2025-11-17 22:00:34.010915,2025-11-18 22:00:34.010915,79,Novedad ejemplo,2025-11-13 22:00:34.010918,Obs extra 1,Obs extra 2
80,Sofía,Martínez,TI,4094996,sofía.martínez@mail.com,3471757755,3551643089,Inactivo,1,80,True,411,16,True,80,22:00:34,00:00:34,En espera,2025-12-17,Observación ejemplo,Efectivo,464725.05,ABC557,Carro,False,True,80,83,False,True,80,,2025-12-02,22:00:34,False,80,Recibo,Descripción ejemplo,2025-11-10 22:00:34.010976,80,2,379,Paquete ejemplo,2025-11-17 22:00:34.010980,2025-11-20 22:00:34.010980,80,Novedad ejemplo,2025-11-11 22:00:34.010986,Obs extra 1,Obs extra 2
81,Carlos,García,CE,5131648,carlos.garcía@mail.com,3502984994,3957603886,Inactivo,1,81,True,217,18,False,81,22:00:34,00:00:34,Rechazada,2025-12-03,Observación ejemplo,Efectivo,192729.35,DEF140,Carro,False,True,81,7,True,True,81,,2025-12-20,22:00:34,True,81,Recibo,Descripción ejemplo,2025-10-30 22:00:34.011034,81,13,458,Paquete ejemplo,2025-11-16 22:00:34.011036,2025-11-20 22:00:34.011036,81,Novedad ejemplo,2025-11-17 22:00:34.011040,Obs extra 1,Obs extra 2
82,Ana,Pérez,TI,1660380,ana.pérez@mail.com,3841746888,3119510182,Activo,2,82,False,118,17,True,82,22:00:34,00:00:34,Rechazada,2025-12-08,Observación ejemplo,Transferencia,233360.52,XYZ574,Moto,True,True,82,94,True,True,82,,2026-01-09,22:00:34,False,82,Recibo,Descripción ejemplo,2025-10-30 22:00:34.011091,82,18,428,Paquete ejemplo,2025-11-11 22:00:34.011093,2025-11-14 22:00:34.011093,82,Novedad ejemplo,2025-11-06 22:00:34.011096,Obs extra 1,Obs extra 2
83,Carlos,López,TI,4223970,carlos.lópez@mail.com,3887431498,3231028163,Inactivo,3,83,False,303,12,False,83,22:00:34,00:00:34,Aprobada,2025-12-18,Observación ejemplo,Efectivo,461539.27,ABC527,Moto,False,True,83,70,False,True,83,False,2026-01-10,22:00:34,True,83,Recibo,Descripción ejemplo,2025-11-05 22:00:34.011129,83,18,425,Paquete ejemplo,2025-11-13 22:00:34.011131,2025-11-14 22:00:34.011131,83,Novedad ejemplo,2025-11-11 22:00:34.011134,Obs extra 1,Obs extra 2
84,Sofía,Hernández,CE,4616531,sofía.hernández@mail.com,3476355593,3986835090,Inactivo,2,84,False,213,17,True,84,22:00:34,00:00:34,Rechazada,2025-11-29,Observación ejemplo,Transferencia,141027.25,ABC407,Carro,True,True,84,46,False,False,84,False,2026-01-18,22:00:34,False,84,Recibo,Descripción ejemplo,2025-11-13 22:00:34.011163,84,11,450,Paquete ejemplo,2025-11-11 22:00:34.011165,2025-11-14 22:00:34.011165,84,Novedad ejemplo,2025-11-09 22:00:34.011168,Obs extra 1,Obs extra 2
85,Luis,Torres,CC,4304057,luis.torres@mail.com,3510343837,3512628190,Activo,2,85,True,443,13,True,85,22:00:34,00:00:34,En espera,2025-12-14,Observación ejemplo,Transferencia,68130.65,XYZ151,Carro,True,True,85,98,True,False,85,,2025-12-20,22:00:34,True,85,Recibo,Descripción ejemplo,2025-11-03 22:00:34.011203,85,2,197,Paquete ejemplo,2025-11-11 22:00:34.011207,2025-11-16 22:00:34.011207,85,Novedad ejemplo,2025-11-05 22:00:34.011212,Obs extra 1,Obs extra 2
86,Luis,Gómez,Pasaporte,7815903,luis.gómez@mail.com,3112876033,3810136986,Inactivo,3,86,False,210,5,False,86,22:00:34,00:00:34,Rechazada,2025-12-13,Observación ejemplo,Transferencia,361219.54,XYZ186,Carro,False,False,86,34,True,False,86,True,2025-12-12,22:00:34,False,86,Recibo,Descripción ejemplo,2025-10-23 22:00:34.011261,86,6,150,Paquete ejemplo,2025-11-12 22:00:34.011263,2025-11-13 22:00:34.011263,86,Novedad ejemplo,2025-11-06 22:00:34.011267,Obs extra 1,Obs extra 2
87,María,López,CC,2036431,maría.lópez@mail.com,3547941194,3741164737,Activo,3,87,True,327,19,False,87,22:00:34,00:00:34,Aprobada,2025-11-24,Observación ejemplo,Transferencia,478408.34,DEF784,Moto,False,True,87,75,False,False,87,,2025-12-25,22:00:34,False,87,Recibo,Descripción ejemplo,2025-11-06 22:00:34.011307,87,4,422,Paquete ejemplo,2025-11-18 22:00:34.011310,2025-11-20 22:00:34.011310,87,Novedad ejemplo,2025-11-19 22:00:34.011317,Obs extra 1,Obs extra 2
88,Sofía,Rodríguez,Pasaporte,1747425,sofía.rodríguez@mail.com,3931959662,3364462115,Inactivo,1,88,True,286,11,True,88,22:00:34,00:00:34,Aprobada,2025-12-10,Observación ejemplo,Efectivo,124362.06,DEF126,Moto,False,True,88,5,False,False,88,False,2025-12-16,22:00:34,True,88,Recibo,Descripción ejemplo,2025-11-03 22:00:34.011372,88,7,463,Paquete ejemplo,2025-11-17 22:00:34.011376,2025-11-21 22:00:34.011376,88,Novedad ejemplo,2025-11-09 22:00:34.011382,Obs extra 1,Obs extra 2
89,Juan,Gómez,Pasaporte,4984542,juan.gómez@mail.com,3374481398,3862640103,Inactivo,3,89,False,455,15,False,89,22:00:34,00:00:34,Rechazada,2025-12-09,Observación ejemplo,Transferencia,409521.21,GHI889,Moto,True,False,89,74,True,False,89,False,2026-01-04,22:00:34,True,89,Recibo,Descripción ejemplo,2025-10-28 22:00:34.011447,89,15,137,Paquete ejemplo,2025-11-14 22:00:34.011451,2025-11-15 22:00:34.011451,89,Novedad ejemplo,2025-11-13 22:00:34.011458,Obs extra 1,Obs extra 2
90,Laura,Torres,TI,9038258,laura.torres@mail.com,3624279295,3442972520,Activo,2,90,True,168,7,False,90,22:00:34,00:00:34,Aprobada,2025-12-07,Observación ejemplo,Efectivo,203488.14,GHI392,Carro,False,False,90,47,False,True,90,,2025-12-08,22:00:34,False,90,Recibo,Descripción ejemplo,2025-11-18 22:00:34.011516,90,6,453,Paquete ejemplo,2025-11-18 22:00:34.011519,2025-11-21 22:00:34.011519,90,Novedad ejemplo,2025-11-15 22:00:34.011525,Obs extra 1,Obs extra 2
91,Carlos,Ramírez,TI,9256873,carlos.ramírez@mail.com,3334559646,3430928721,Activo,2,91,True,113,17,True,91,22:00:34,00:00:34,Rechazada,2025-11-24,Observación ejemplo,Efectivo,188476.02,ABC646,Moto,True,True,91,20,True,True,91,True,2025-12-16,22:00:34,False,91,Recibo,Descripción ejemplo,2025-11-11 22:00:34.011568,91,11,488,Paquete ejemplo,2025-11-11 22:00:34.011570,2025-11-15 22:00:34.011570,91,Novedad ejemplo,2025-11-12 22:00:34.011573,Obs extra 1,Obs extra 2
92,Laura,Pérez,Pasaporte,6418909,laura.pérez@mail.com,3778154811,3806568810,Activo,2,92,False,479,19,True,92,22:00:34,00:00:34,Rechazada,2025-11-26,Observación ejemplo,Efectivo,142667.27,XYZ223,Carro,True,False,92,11,True,False,92,False,2026-01-13,22:00:34,True,92,Recibo,Descripción ejemplo,2025-10-30 22:00:34.011603,92,2,166,Paquete ejemplo,2025-11-16 22:00:34.011605,2025-11-21 22:00:34.011605,92,Novedad ejemplo,2025-11-07 22:00:34.011609,Obs extra 1,Obs extra 2
93,Laura,López,Pasaporte,1814460,laura.lópez@mail.com,3652353072,3944083320,Inactivo,1,93,True,297,3,False,93,22:00:34,00:00:34,Aprobada,2025-12-17,Observación ejemplo,Transferencia,318210.68,ABC445,Moto,True,True,93,86,False,False,93,True,2025-12-02,22:00:34,False,93,Recibo,Descripción ejemplo,2025-10-29 22:00:34.011642,93,10,116,Paquete ejemplo,2025-11-10 22:00:34.011644,2025-11-15 22:00:34.011644,93,Novedad ejemplo,2025-11-15 22:00:34.011648,Obs extra 1,Obs extra 2
94,María,Hernández,CE,7444639,maría.hernández@mail.com,3370407381,3665629984,Activo,3,94,True,292,10,True,94,22:00:34,00:00:34,Rechazada,2025-11-29,Observación ejemplo,Transferencia,404578.98,GHI895,Moto,True,True,94,74,False,True,94,False,2026-01-08,22:00:34,True,94,Recibo,Descripción ejemplo,2025-11-19 22:00:34.052356,94,20,387,Paquete ejemplo,2025-11-13 22:00:34.052362,2025-11-14 22:00:34.052362,94,Novedad ejemplo,2025-11-07 22:00:34.052369,Obs extra 1,Obs extra 2
95,Ana,Pérez,Pasaporte,9308046,ana.pérez@mail.com,3816449829,3746290175,Activo,3,95,True,271,8,False,95,22:00:34,00:00:34,En espera,2025-12-09,Observación ejemplo,Efectivo,134972.87,XYZ188,Carro,False,True,95,58,False,True,95,True,2025-12-18,22:00:34,True,95,Recibo,Descripción ejemplo,2025-11-09 22:00:34.052496,95,11,425,Paquete ejemplo,2025-11-19 22:00:34.052500,2025-11-23 22:00:34.052500,95,Novedad ejemplo,2025-11-10 22:00:34.052506,Obs extra 1,Obs extra 2
96,María,López,CE,8629071,maría.lópez@mail.com,3813117362,3101206364,Activo,3,96,False,487,4,True,96,22:00:34,00:00:34,Rechazada,2025-12-20,Observación ejemplo,Efectivo,498379.89,XYZ348,Carro,True,True,96,45,False,False,96,True,2026-01-14,22:00:34,True,96,Recibo,Descripción ejemplo,2025-11-01 22:00:34.052587,96,19,472,Paquete ejemplo,2025-11-19 22:00:34.052590,2025-11-22 22:00:34.052590,96,Novedad ejemplo,2025-11-05 22:00:34.052597,Obs extra 1,Obs extra 2
97,Juan,Ramírez,TI,8456624,juan.ramírez@mail.com,3271887400,3429103403,Activo,1,97,False,257,14,True,97,22:00:34,00:00:34,Rechazada,2025-11-25,Observación ejemplo,Efectivo,233679.49,XYZ797,Carro,False,True,97,4,True,False,97,True,2025-12-04,22:00:34,True,97,Recibo,Descripción ejemplo,2025-11-13 22:00:34.052678,97,17,215,Paquete ejemplo,2025-11-12 22:00:34.052682,2025-11-15 22:00:34.052682,97,Novedad ejemplo,2025-11-10 22:00:34.052688,Obs extra 1,Obs extra 2
98,Diego,Rodríguez,CE,3530760,diego.rodríguez@mail.com,3111546874,3161731979,Inactivo,3,98,False,408,11,True,98,22:00:34,00:00:34,Aprobada,2025-12-20,Observación ejemplo,Efectivo,111373.58,DEF588,Moto,False,True,98,70,False,True,98,False,2025-11-27,22:00:34,True,98,Recibo,Descripción ejemplo,2025-11-09 22:00:34.052748,98,20,406,Paquete ejemplo,2025-11-11 22:00:34.052752,2025-11-13 22:00:34.052752,98,Novedad ejemplo,2025-11-11 22:00:34.052758,Obs extra 1,Obs extra 2
99,Valentina,García,CC,6964815,valentina.garcía@mail.com,3550445522,3225752009,Activo,1,99,False,443,5,True,99,22:00:34,00:00:34,Rechazada,2025-12-18,Observación ejemplo,Transferencia,76732.53,GHI901,Moto,False,True,99,43,False,True,99,True,2025-12-30,22:00:34,True,99,Recibo,Descripción ejemplo,2025-10-22 22:00:34.052817,99,20,186,Paquete ejemplo,2025-11-10 22:00:34.052821,2025-11-15 22:00:34.052821,99,Novedad ejemplo,2025-11-06 22:00:34.052827,Obs extra 1,Obs extra 2
100,Sofía,Ramírez,TI,1581275,sofía.ramírez@mail.com,3243134381,3507121548,Activo,1,100,True,273,13,False,100,22:00:34,00:00:34,Rechazada,2025-12-20,Observación ejemplo,Transferencia,204869.5,ABC149,Carro,True,True,100,77,True,False,100,True,2025-12-29,22:00:34,False,100,Recibo,Descripción ejemplo,2025-11-05 22:00:34.052897,100,4,485,Paquete ejemplo,2025-11-13 22:00:34.052901,2025-11-14 22:00:34.052901,100,Novedad ejemplo,2025-11-19 22:00:34.052907,Obs extra 1,Obs extra 2
101,Juan,Ramírez,Pasaporte,5883385,juan.ramírez@mail.com,3770955942,3152522472,Activo,1,101,False,398,6,True,101,22:00:34,00:00:34,Aprobada,2025-12-15,Observación ejemplo,Transferencia,119045.1,GHI709,Carro,False,False,101,46,True,True,101,False,2025-12-01,22:00:34,True,101,Recibo,Descripción ejemplo,2025-11-06 22:00:34.052967,101,11,257,Paquete ejemplo,2025-11-18 22:00:34.052970,2025-11-20 22:00:34.052970,101,Novedad ejemplo,2025-11-18 22:00:34.052977,Obs extra 1,Obs extra 2
102,Sofía,López,Pasaporte,3626150,sofía.lópez@mail.com,3116288390,3527124174,Inactivo,3,102,True,414,5,False,102,22:00:34,00:00:34,Rechazada,2025-11-24,Observación ejemplo,Efectivo,443017.21,XYZ574,Moto,False,False,102,12,True,False,102,True,2025-12-15,22:00:34,True,102,Recibo,Descripción ejemplo,2025-11-01 22:00:34.053038,102,13,338,Paquete ejemplo,2025-11-12 22:00:34.053042,2025-11-17 22:00:34.053042,102,Novedad ejemplo,2025-11-09 22:00:34.053048,Obs extra 1,Obs extra 2
103,María,Gómez,Pasaporte,2022727,maría.gómez@mail.com,3556576311,3880308907,Activo,3,103,True,214,3,False,103,22:00:34,00:00:34,Aprobada,2025-12-18,Observación ejemplo,Transferencia,96923.51,ABC324,Moto,False,True,103,86,False,False,103,False,2025-12-03,22:00:34,False,103,Recibo,Descripción ejemplo,2025-11-19 22:00:34.053108,103,19,411,Paquete ejemplo,2025-11-16 22:00:34.053112,2025-11-21 22:00:34.053112,103,Novedad ejemplo,2025-11-16 22:00:34.053118,Obs extra 1,Obs extra 2
104,Laura,López,Pasaporte,6584338,laura.lópez@mail.com,3570781850,3221635215,Inactivo,2,104,False,366,8,True,104,22:00:34,00:00:34,Rechazada,2025-11-21,Observación ejemplo,Transferencia,228428.27,XYZ378,Carro,True,False,104,21,True,False,104,False,2026-01-07,22:00:34,True,104,Recibo,Descripción ejemplo,2025-10-25 22:00:34.053178,104,11,244,Paquete ejemplo,2025-11-14 22:00:34.053182,2025-11-18 22:00:34.053182,104,Novedad ejemplo,2025-11-19 22:00:34.053188,Obs extra 1,Obs extra 2
105,Ana,Vargas,CC,8898899,ana.vargas@mail.com,3566982535,3477135242,Inactivo,3,105,False,174,8,False,105,22:00:34,00:00:34,Rechazada,2025-11-27,Observación ejemplo,Transferencia,406402.35,XYZ757,Moto,True,False,105,86,False,True,105,True,2025-12-31,22:00:34,False,105,Recibo,Descripción ejemplo,2025-11-09 22:00:34.053247,105,20,118,Paquete ejemplo,2025-11-19 22:00:34.053251,2025-11-22 22:00:34.053251,105,Novedad ejemplo,2025-11-17 22:00:34.053257,Obs extra 1,Obs extra 2
106,Valentina,Vargas,CE,6529487,valentina.vargas@mail.com,3977761008,3760078220,Activo,3,106,True,268,10,True,106,22:00:34,00:00:34,Aprobada,2025-12-07,Observación ejemplo,Transferencia,66644.91,XYZ265,Carro,False,False,106,3,False,True,106,,2025-12-29,22:00:34,False,106,Recibo,Descripción ejemplo,2025-10-25 22:00:34.053313,106,6,460,Paquete ejemplo,2025-11-18 22:00:34.053317,2025-11-22 22:00:34.053317,106,Novedad ejemplo,2025-11-14 22:00:34.053323,Obs extra 1,Obs extra 2
107,Pedro,Pérez,Pasaporte,5332948,pedro.pérez@mail.com,3436149745,3928823352,Inactivo,2,107,True,406,20,True,107,22:00:34,00:00:34,Rechazada,2025-11-24,Observación ejemplo,Efectivo,343015.49,DEF371,Carro,False,True,107,13,False,True,107,,2026-01-03,22:00:34,True,107,Recibo,Descripción ejemplo,2025-11-08 22:00:34.053390,107,19,348,Paquete ejemplo,2025-11-16 22:00:34.053394,2025-11-21 22:00:34.053394,107,Novedad ejemplo,2025-11-09 22:00:34.053401,Obs extra 1,Obs extra 2
108,Carlos,Ramírez,Pasaporte,9554561,carlos.ramírez@mail.com,3102276996,3156480685,Activo,3,108,False,372,12,False,108,22:00:34,00:00:34,Rechazada,2025-12-10,Observación ejemplo,Efectivo,232327.69,ABC557,Carro,False,False,108,95,False,False,108,,2026-01-04,22:00:34,True,108,Recibo,Descripción ejemplo,2025-11-07 22:00:34.053460,108,19,446,Paquete ejemplo,2025-11-12 22:00:34.053464,2025-11-14 22:00:34.053464,108,Novedad ejemplo,2025-11-07 22:00:34.053470,Obs extra 1,Obs extra 2
109,Valentina,Hernández,CC,9559842,valentina.hernández@mail.com,3606406727,3605583861,Activo,2,109,True,368,6,True,109,22:00:34,00:00:34,Aprobada,2025-12-02,Observación ejemplo,Transferencia,231230.42,XYZ467,Moto,False,False,109,30,False,True,109,True,2025-12-21,22:00:34,False,109,Recibo,Descripción ejemplo,2025-11-11 22:00:34.053534,109,1,413,Paquete ejemplo,2025-11-18 22:00:34.053537,2025-11-22 22:00:34.053537,109,Novedad ejemplo,2025-11-15 22:00:34.053543,Obs extra 1,Obs extra 2
110,Pedro,Vargas,TI,4269762,pedro.vargas@mail.com,3515405121,3911353916,Inactivo,2,110,True,429,12,False,110,22:00:34,00:00:34,En espera,2025-11-27,Observación ejemplo,Efectivo,454514.19,ABC252,Carro,True,True,110,15,True,True,110,False,2025-12-13,22:00:34,True,110,Recibo,Descripción ejemplo,2025-11-08 22:00:34.053608,110,13,500,Paquete ejemplo,2025-11-19 22:00:34.053611,2025-11-22 22:00:34.053611,110,Novedad ejemplo,2025-11-13 22:00:34.053618,Obs extra 1,Obs extra 2
111,Sofía,Martínez,CE,9327064,sofía.martínez@mail.com,3705528802,3250152173,Inactivo,3,111,False,252,17,True,111,22:00:34,00:00:34,Rechazada,2025-11-21,Observación ejemplo,Efectivo,247668.19,DEF131,Moto,True,False,111,70,False,False,111,True,2025-11-28,22:00:34,False,111,Recibo,Descripción ejemplo,2025-11-11 22:00:34.053687,111,15,271,Paquete ejemplo,2025-11-15 22:00:34.053691,2025-11-17 22:00:34.053691,111,Novedad ejemplo,2025-11-14 22:00:34.053698,Obs extra 1,Obs extra 2
112,Laura,Vargas,Pasaporte,3620092,laura.vargas@mail.com,3135136057,3523460741,Inactivo,3,112,True,384,12,True,112,22:00:34,00:00:34,Aprobada,2025-12-11,Observación ejemplo,Transferencia,400343.68,GHI641,Carro,False,False,112,64,True,True,112,False,2026-01-02,22:00:34,False,112,Recibo,Descripción ejemplo,2025-11-18 22:00:34.053760,112,11,362,Paquete ejemplo,2025-11-18 22:00:34.053764,2025-11-22 22:00:34.053764,112,Novedad ejemplo,2025-11-13 22:00:34.053770,Obs extra 1,Obs extra 2
113,María,Torres,CE,7345368,maría.torres@mail.com,3987834629,3543755476,Activo,2,113,False,178,16,False,113,22:00:34,00:00:34,Rechazada,2025-11-21,Observación ejemplo,Transferencia,106165.69,GHI191,Moto,True,True,113,5,False,False,113,,2026-01-07,22:00:34,True,113,Recibo,Descripción ejemplo,2025-11-16 22:00:34.053831,113,1,162,Paquete ejemplo,2025-11-12 22:00:34.053835,2025-11-17 22:00:34.053835,113,Novedad ejemplo,2025-11-06 22:00:34.053840,Obs extra 1,Obs extra 2
114,Juan,Hernández,CE,4005353,juan.hernández@mail.com,3466522365,3267010834,Inactivo,2,114,True,288,1,False,114,22:00:34,00:00:34,Aprobada,2025-11-21,Observación ejemplo,Efectivo,255572.6,ABC218,Moto,True,False,114,81,False,False,114,False,2026-01-13,22:00:34,True,114,Recibo,Descripción ejemplo,2025-10-28 22:00:34.053898,114,12,427,Paquete ejemplo,2025-11-16 22:00:34.053902,2025-11-21 22:00:34.053902,114,Novedad ejemplo,2025-11-12 22:00:34.053908,Obs extra 1,Obs extra 2
115,Juan,Hernández,TI,2181880,juan.hernández@mail.com,3538573601,3405986445,Inactivo,2,115,True,379,7,True,115,22:00:34,00:00:34,En espera,2025-12-01,Observación ejemplo,Transferencia,343917.18,ABC411,Moto,False,False,115,12,False,True,115,,2026-01-11,22:00:34,True,115,Recibo,Descripción ejemplo,2025-10-27 22:00:34.053966,115,12,428,Paquete ejemplo,2025-11-12 22:00:34.053969,2025-11-17 22:00:34.053969,115,Novedad ejemplo,2025-11-11 22:00:34.053975,Obs extra 1,Obs extra 2
116,Carlos,Pérez,TI,8938618,carlos.pérez@mail.com,3103897928,3743632802,Activo,2,116,False,103,2,True,116,22:00:34,00:00:34,En espera,2025-11-22,Observación ejemplo,Efectivo,58274.12,XYZ591,Carro,True,False,116,16,False,True,116,False,2025-12-04,22:00:34,False,116,Recibo,Descripción ejemplo,2025-11-14 22:00:34.054034,116,1,309,Paquete ejemplo,2025-11-15 22:00:34.054037,2025-11-19 22:00:34.054037,116,Novedad ejemplo,2025-11-14 22:00:34.054043,Obs extra 1,Obs extra 2
117,Laura,Ramírez,CC,2534373,laura.ramírez@mail.com,3721839409,3794399494,Activo,3,117,False,492,11,True,117,22:00:34,00:00:34,Rechazada,2025-12-19,Observación ejemplo,Transferencia,484459.01,GHI297,Moto,False,True,117,28,True,False,117,,2025-12-13,22:00:34,True,117,Recibo,Descripción ejemplo,2025-10-29 22:00:34.054100,117,5,501,Paquete ejemplo,2025-11-11 22:00:34.054104,2025-11-12 22:00:34.054104,117,Novedad ejemplo,2025-11-14 22:00:34.054112,Obs extra 1,Obs extra 2
118,Carlos,Rodríguez,CE,5379507,carlos.rodríguez@mail.com,3465180554,3640115297,Activo,2,118,True,426,13,False,118,22:00:34,00:00:34,Rechazada,2025-12-07,Observación ejemplo,Efectivo,448437.27,DEF922,Carro,False,True,118,40,True,True,118,False,2025-11-24,22:00:34,True,118,Recibo,Descripción ejemplo,2025-11-07 22:00:34.054171,118,13,385,Paquete ejemplo,2025-11-18 22:00:34.054174,2025-11-22 22:00:34.054174,118,Novedad ejemplo,2025-11-18 22:00:34.054181,Obs extra 1,Obs extra 2
119,Valentina,Pérez,CC,7716925,valentina.pérez@mail.com,3113163595,3253347669,Activo,2,119,True,485,18,False,119,22:00:34,00:00:34,Rechazada,2025-12-15,Observación ejemplo,Efectivo,427104.45,ABC300,Moto,False,True,119,3,True,True,119,,2025-12-23,22:00:34,False,119,Recibo,Descripción ejemplo,2025-11-12 22:00:34.054240,119,15,282,Paquete ejemplo,2025-11-17 22:00:34.054243,2025-11-21 22:00:34.054243,119,Novedad ejemplo,2025-11-11 22:00:34.054249,Obs extra 1,Obs extra 2
120,Sofía,Hernández,Pasaporte,6274972,sofía.hernández@mail.com,3668514027,3508213666,Activo,2,120,False,315,5,True,120,22:00:34,00:00:34,En espera,2025-12-03,Observación ejemplo,Efectivo,330904.4,ABC718,Carro,True,True,120,92,True,True,120,False,2026-01-03,22:00:34,True,120,Recibo,Descripción ejemplo,2025-10-29 22:00:34.054307,120,9,333,Paquete ejemplo,2025-11-17 22:00:34.054311,2025-11-19 22:00:34.054311,120,Novedad ejemplo,2025-11-14 22:00:34.054317,Obs extra 1,Obs extra 2
121,Juan,Rodríguez,CE,1110537,juan.rodríguez@mail.com,3995449951,3945744336,Activo,3,121,False,350,8,False,121,22:00:34,00:00:34,Rechazada,2025-12-11,Observación ejemplo,Efectivo,431858.96,GHI806,Moto,False,False,121,37,False,True,121,True,2025-12-09,22:00:34,True,121,Recibo,Descripción ejemplo,2025-11-19 22:00:34.054378,121,7,107,Paquete ejemplo,2025-11-12 22:00:34.054382,2025-11-14 22:00:34.054382,121,Novedad ejemplo,2025-11-17 22:00:34.054389,Obs extra 1,Obs extra 2
122,Laura,Ramírez,CE,5649456,laura.ramírez@mail.com,3593176396,3186073480,Inactivo,2,122,False,271,5,True,122,22:00:34,00:00:34,Rechazada,2025-12-01,Observación ejemplo,Efectivo,375110.09,GHI975,Moto,False,False,122,77,False,True,122,,2025-12-02,22:00:34,True,122,Recibo,Descripción ejemplo,2025-11-17 22:00:34.054448,122,9,125,Paquete ejemplo,2025-11-12 22:00:34.054451,2025-11-16 22:00:34.054451,122,Novedad ejemplo,2025-11-16 22:00:34.054457,Obs extra 1,Obs extra 2
123,Valentina,Pérez,TI,4919968,valentina.pérez@mail.com,3506024461,3758430157,Activo,2,123,False,464,8,True,123,22:00:34,00:00:34,Rechazada,2025-12-20,Observación ejemplo,Efectivo,420076.77,XYZ896,Carro,True,False,123,31,False,False,123,True,2026-01-08,22:00:34,True,123,Recibo,Descripción ejemplo,2025-11-13 22:00:34.054516,123,9,340,Paquete ejemplo,2025-11-18 22:00:34.054520,2025-11-23 22:00:34.054520,123,Novedad ejemplo,2025-11-08 22:00:34.054526,Obs extra 1,Obs extra 2
124,Diego,Hernández,TI,6842653,diego.hernández@mail.com,3515185828,3978108720,Activo,3,124,False,191,5,True,124,22:00:34,00:00:34,Aprobada,2025-11-21,Observación ejemplo,Transferencia,257013.94,XYZ897,Carro,False,True,124,94,False,False,124,False,2026-01-14,22:00:34,False,124,Recibo,Descripción ejemplo,2025-11-13 22:00:34.054590,124,4,344,Paquete ejemplo,2025-11-17 22:00:34.054593,2025-11-19 22:00:34.054593,124,Novedad ejemplo,2025-11-11 22:00:34.054599,Obs extra 1,Obs extra 2
125,Pedro,Martínez,Pasaporte,3642111,pedro.martínez@mail.com,3147411589,3184839591,Inactivo,1,125,True,130,15,True,125,22:00:34,00:00:34,Rechazada,2025-11-21,Observación ejemplo,Transferencia,492500.1,GHI915,Moto,True,True,125,18,False,False,125,True,2025-11-23,22:00:34,False,125,Recibo,Descripción ejemplo,2025-11-12 22:00:34.054688,125,20,293,Paquete ejemplo,2025-11-16 22:00:34.054692,2025-11-17 22:00:34.054692,125,Novedad ejemplo,2025-11-07 22:00:34.054698,Obs extra 1,Obs extra 2
126,Diego,Martínez,TI,5743718,diego.martínez@mail.com,3559669711,3562392338,Inactivo,1,126,True,217,16,True,126,22:00:34,00:00:34,Rechazada,2025-12-10,Observación ejemplo,Efectivo,414703.82,DEF810,Moto,True,False,126,38,True,True,126,,2025-11-30,22:00:34,True,126,Recibo,Descripción ejemplo,2025-10-25 22:00:34.054758,126,12,452,Paquete ejemplo,2025-11-17 22:00:34.054762,2025-11-21 22:00:34.054762,126,Novedad ejemplo,2025-11-14 22:00:34.054768,Obs extra 1,Obs extra 2
127,María,Vargas,Pasaporte,1345465,maría.vargas@mail.com,3712187259,3766068117,Inactivo,1,127,False,234,4,True,127,22:00:34,00:00:34,Rechazada,2025-11-25,Observación ejemplo,Efectivo,251944.63,DEF995,Carro,False,True,127,57,True,False,127,,2025-11-21,22:00:34,False,127,Recibo,Descripción ejemplo,2025-10-23 22:00:34.054826,127,19,402,Paquete ejemplo,2025-11-18 22:00:34.054829,2025-11-19 22:00:34.054829,127,Novedad ejemplo,2025-11-18 22:00:34.054835,Obs extra 1,Obs extra 2
128,Diego,Hernández,CC,8266206,diego.hernández@mail.com,3932747039,3876111448,Inactivo,3,128,True,182,5,False,128,22:00:34,00:00:34,Aprobada,2025-11-27,Observación ejemplo,Transferencia,296115.17,DEF261,Carro,False,False,128,59,True,False,128,,2025-12-09,22:00:34,False,128,Recibo,Descripción ejemplo,2025-10-23 22:00:34.054897,128,6,354,Paquete ejemplo,2025-11-13 22:00:34.054901,2025-11-17 22:00:34.054901,128,Novedad ejemplo,2025-11-20 22:00:34.054908,Obs extra 1,Obs extra 2
129,Juan,Torres,CE,6915365,juan.torres@mail.com,3791854058,3873312096,Activo,2,129,False,374,16,False,129,22:00:34,00:00:34,Aprobada,2025-12-01,Observación ejemplo,Efectivo,130470.08,ABC518,Moto,True,False,129,89,True,True,129,,2025-11-22,22:00:34,False,129,Recibo,Descripción ejemplo,2025-11-05 22:00:34.054966,129,10,152,Paquete ejemplo,2025-11-19 22:00:34.054970,2025-11-23 22:00:34.054970,129,Novedad ejemplo,2025-11-19 22:00:34.054976,Obs extra 1,Obs extra 2
130,Luis,Vargas,CC,2641694,luis.vargas@mail.com,3541372498,3220832956,Activo,1,130,False,453,13,True,130,22:00:34,00:00:34,Rechazada,2025-12-02,Observación ejemplo,Transferencia,335053.01,DEF422,Carro,True,True,130,15,False,True,130,False,2025-12-02,22:00:34,True,130,Recibo,Descripción ejemplo,2025-11-01 22:00:34.055038,130,3,160,Paquete ejemplo,2025-11-12 22:00:34.055042,2025-11-13 22:00:34.055042,130,Novedad ejemplo,2025-11-10 22:00:34.055047,Obs extra 1,Obs extra 2
131,Carlos,Torres,TI,7647777,carlos.torres@mail.com,3705513586,3692307649,Inactivo,3,131,True,178,13,False,131,22:00:34,00:00:34,Aprobada,2025-12-17,Observación ejemplo,Efectivo,69400.43,DEF448,Moto,True,True,131,15,False,True,131,,2026-01-19,22:00:34,True,131,Recibo,Descripción ejemplo,2025-11-19 22:00:34.055107,131,10,200,Paquete ejemplo,2025-11-14 22:00:34.055110,2025-11-15 22:00:34.055110,131,Novedad ejemplo,2025-11-17 22:00:34.055117,Obs extra 1,Obs extra 2
132,Ana,Torres,CE,4673239,ana.torres@mail.com,3586316154,3396023044,Inactivo,2,132,False,325,10,True,132,22:00:34,00:00:34,Rechazada,2025-11-25,Observación ejemplo,Efectivo,74442.64,XYZ667,Moto,True,False,132,47,False,False,132,,2026-01-08,22:00:34,False,132,Recibo,Descripción ejemplo,2025-11-14 22:00:34.055180,132,10,453,Paquete ejemplo,2025-11-18 22:00:34.055184,2025-11-20 22:00:34.055184,132,Novedad ejemplo,2025-11-12 22:00:34.055190,Obs extra 1,Obs extra 2
133,María,Pérez,CE,7466601,maría.pérez@mail.com,3838159662,3204568244,Activo,1,133,False,253,15,False,133,22:00:34,00:00:34,Rechazada,2025-11-24,Observación ejemplo,Efectivo,185311.98,ABC775,Carro,True,False,133,12,False,True,133,,2025-11-25,22:00:34,False,133,Recibo,Descripción ejemplo,2025-11-06 22:00:34.055247,133,9,397,Paquete ejemplo,2025-11-17 22:00:34.055253,2025-11-21 22:00:34.055253,133,Novedad ejemplo,2025-11-13 22:00:34.055260,Obs extra 1,Obs extra 2
134,Sofía,Martínez,TI,2351235,sofía.martínez@mail.com,3116313381,3930452980,Inactivo,3,134,False,143,12,True,134,22:00:34,00:00:34,Rechazada,2025-12-06,Observación ejemplo,Efectivo,330193.45,GHI160,Carro,True,False,134,12,True,False,134,True,2025-11-29,22:00:34,False,134,Recibo,Descripción ejemplo,2025-11-15 22:00:34.055319,134,1,226,Paquete ejemplo,2025-11-19 22:00:34.055323,2025-11-23 22:00:34.055323,134,Novedad ejemplo,2025-11-15 22:00:34.055329,Obs extra 1,Obs extra 2
135,Juan,Torres,TI,6053644,juan.torres@mail.com,3867974282,3185042011,Activo,1,135,False,295,16,True,135,22:00:34,00:00:34,Aprobada,2025-11-28,Observación ejemplo,Efectivo,325910.57,GHI782,Carro,False,False,135,90,False,True,135,False,2026-01-14,22:00:34,True,135,Recibo,Descripción ejemplo,2025-11-11 22:00:34.055387,135,13,377,Paquete ejemplo,2025-11-17 22:00:34.055391,2025-11-22 22:00:34.055391,135,Novedad ejemplo,2025-11-20 22:00:34.055397,Obs extra 1,Obs extra 2
136,Diego,López,Pasaporte,2297305,diego.lópez@mail.com,3458208051,3828770950,Inactivo,3,136,True,146,14,False,136,22:00:34,00:00:34,Rechazada,2025-11-29,Observación ejemplo,Efectivo,472585.22,GHI188,Moto,True,False,136,85,False,False,136,,2025-12-29,22:00:34,False,136,Recibo,Descripción ejemplo,2025-11-17 22:00:34.055468,136,13,299,Paquete ejemplo,2025-11-17 22:00:34.055472,2025-11-19 22:00:34.055472,136,Novedad ejemplo,2025-11-10 22:00:34.055478,Obs extra 1,Obs extra 2
137,Diego,Gómez,Pasaporte,5443307,diego.gómez@mail.com,3159420720,3619230108,Activo,2,137,False,344,16,False,137,22:00:34,00:00:34,En espera,2025-12-09,Observación ejemplo,Transferencia,204045.65,DEF496,Carro,False,True,137,55,False,False,137,False,2025-12-11,22:00:34,True,137,Recibo,Descripción ejemplo,2025-11-01 22:00:34.055539,137,16,248,Paquete ejemplo,2025-11-13 22:00:34.055544,2025-11-17 22:00:34.055544,137,Novedad ejemplo,2025-11-10 22:00:34.055550,Obs extra 1,Obs extra 2
138,Laura,Ramírez,CC,7772124,laura.ramírez@mail.com,3450442719,3671684865,Inactivo,2,138,True,235,10,False,138,22:00:34,00:00:34,En espera,2025-12-07,Observación ejemplo,Efectivo,158009.51,ABC632,Moto,False,True,138,11,False,False,138,True,2025-12-01,22:00:34,True,138,Recibo,Descripción ejemplo,2025-10-25 22:00:34.055607,138,12,290,Paquete ejemplo,2025-11-12 22:00:34.055611,2025-11-16 22:00:34.055611,138,Novedad ejemplo,2025-11-07 22:00:34.055616,Obs extra 1,Obs extra 2
139,Sofía,Torres,TI,2377133,sofía.torres@mail.com,3432319946,3223225098,Inactivo,1,139,False,395,7,False,139,22:00:34,00:00:34,En espera,2025-11-28,Observación ejemplo,Efectivo,79934.74,GHI167,Carro,True,True,139,49,False,True,139,False,2025-12-06,22:00:34,True,139,Recibo,Descripción ejemplo,2025-11-07 22:00:34.055757,139,8,294,Paquete ejemplo,2025-11-13 22:00:34.055761,2025-11-18 22:00:34.055761,139,Novedad ejemplo,2025-11-05 22:00:34.055767,Obs extra 1,Obs extra 2
140,Luis,Torres,CE,6878266,luis.torres@mail.com,3257097232,3302302509,Inactivo,2,140,True,139,17,False,140,22:00:34,00:00:34,Rechazada,2025-12-14,Observación ejemplo,Efectivo,460990.5,GHI146,Moto,False,False,140,73,True,True,140,False,2025-12-03,22:00:34,False,140,Recibo,Descripción ejemplo,2025-11-03 22:00:34.055837,140,13,310,Paquete ejemplo,2025-11-12 22:00:34.055841,2025-11-15 22:00:34.055841,140,Novedad ejemplo,2025-11-13 22:00:34.055848,Obs extra 1,Obs extra 2
141,Valentina,Ramírez,TI,3910535,valentina.ramírez@mail.com,3992691134,3870251022,Inactivo,2,141,False,239,20,False,141,22:00:34,00:00:34,Rechazada,2025-11-23,Observación ejemplo,Efectivo,114907.35,GHI523,Moto,False,False,141,51,True,True,141,,2025-12-05,22:00:34,True,141,Recibo,Descripción ejemplo,2025-10-22 22:00:34.055921,141,2,123,Paquete ejemplo,2025-11-10 22:00:34.055926,2025-11-15 22:00:34.055926,141,Novedad ejemplo,2025-11-18 22:00:34.055932,Obs extra 1,Obs extra 2
142,Valentina,Martínez,CE,1634556,valentina.martínez@mail.com,3680254906,3590308448,Activo,3,142,False,216,3,True,142,22:00:34,00:00:34,Aprobada,2025-11-30,Observación ejemplo,Efectivo,126713.5,GHI490,Moto,True,True,142,24,True,True,142,,2025-11-30,22:00:34,True,142,Recibo,Descripción ejemplo,2025-10-31 22:00:34.055995,142,20,463,Paquete ejemplo,2025-11-10 22:00:34.055999,2025-11-11 22:00:34.055999,142,Novedad ejemplo,2025-11-18 22:00:34.056007,Obs extra 1,Obs extra 2
143,Diego,López,CE,1501119,diego.lópez@mail.com,3155331182,3359782471,Inactivo,2,143,True,399,4,True,143,22:00:34,00:00:34,Rechazada,2025-12-01,Observación ejemplo,Efectivo,436164.76,XYZ380,Moto,False,False,143,21,False,False,143,False,2025-12-18,22:00:34,False,143,Recibo,Descripción ejemplo,2025-10-31 22:00:34.056073,143,17,187,Paquete ejemplo,2025-11-10 22:00:34.056078,2025-11-11 22:00:34.056078,143,Novedad ejemplo,2025-11-20 22:00:34.056084,Obs extra 1,Obs extra 2
144,Luis,López,CC,8649313,luis.lópez@mail.com,3972234901,3516006707,Inactivo,2,144,False,191,10,False,144,22:00:34,00:00:34,Rechazada,2025-12-08,Observación ejemplo,Transferencia,218866.24,ABC889,Carro,True,True,144,87,False,False,144,True,2025-12-22,22:00:34,True,144,Recibo,Descripción ejemplo,2025-10-21 22:00:34.056146,144,16,211,Paquete ejemplo,2025-11-16 22:00:34.056150,2025-11-21 22:00:34.056150,144,Novedad ejemplo,2025-11-19 22:00:34.056157,Obs extra 1,Obs extra 2
145,Valentina,López,CC,8252687,valentina.lópez@mail.com,3357722324,3174849871,Inactivo,1,145,False,494,20,True,145,22:00:34,00:00:34,Rechazada,2025-12-08,Observación ejemplo,Efectivo,319768.19,XYZ871,Carro,False,True,145,50,True,True,145,False,2025-11-21,22:00:34,False,145,Recibo,Descripción ejemplo,2025-11-08 22:00:34.056219,145,7,491,Paquete ejemplo,2025-11-18 22:00:34.056222,2025-11-23 22:00:34.056222,145,Novedad ejemplo,2025-11-11 22:00:34.056228,Obs extra 1,Obs extra 2
146,Diego,Torres,TI,1805012,diego.torres@mail.com,3390009443,3453340625,Inactivo,2,146,False,474,18,True,146,22:00:34,00:00:34,Rechazada,2025-11-25,Observación ejemplo,Efectivo,348915.3,DEF347,Moto,False,True,146,85,False,False,146,,2026-01-12,22:00:34,True,146,Recibo,Descripción ejemplo,2025-11-17 22:00:34.056287,146,3,218,Paquete ejemplo,2025-11-18 22:00:34.056290,2025-11-20 22:00:34.056290,146,Novedad ejemplo,2025-11-08 22:00:34.056296,Obs extra 1,Obs extra 2
147,Sofía,Martínez,CC,5831667,sofía.martínez@mail.com,3807243569,3193751390,Activo,2,147,False,201,2,True,147,22:00:34,00:00:34,En espera,2025-12-20,Observación ejemplo,Efectivo,469648.24,ABC526,Moto,False,False,147,1,False,False,147,True,2025-12-28,22:00:34,False,147,Recibo,Descripción ejemplo,2025-10-27 22:00:34.056361,147,10,116,Paquete ejemplo,2025-11-17 22:00:34.056365,2025-11-19 22:00:34.056365,147,Novedad ejemplo,2025-11-14 22:00:34.056371,Obs extra 1,Obs extra 2
148,Diego,Gómez,CE,8721137,diego.gómez@mail.com,3390077014,3459134464,Inactivo,3,148,False,263,18,True,148,22:00:34,00:00:34,Aprobada,2025-11-26,Observación ejemplo,Transferencia,191283.12,ABC986,Carro,True,True,148,76,True,True,148,,2025-12-11,22:00:34,False,148,Recibo,Descripción ejemplo,2025-10-21 22:00:34.056432,148,5,323,Paquete ejemplo,2025-11-19 22:00:34.056436,2025-11-24 22:00:34.056436,148,Novedad ejemplo,2025-11-08 22:00:34.056441,Obs extra 1,Obs extra 2
149,Carlos,Ramírez,TI,8574529,carlos.ramírez@mail.com,3786779631,3894611619,Activo,2,149,False,421,5,False,149,22:00:34,00:00:34,En espera,2025-12-03,Observación ejemplo,Efectivo,51312.45,ABC133,Moto,False,False,149,59,True,True,149,True,2026-01-10,22:00:34,True,149,Recibo,Descripción ejemplo,2025-10-21 22:00:34.056541,149,10,187,Paquete ejemplo,2025-11-13 22:00:34.056545,2025-11-18 22:00:34.056545,149,Novedad ejemplo,2025-11-19 22:00:34.056551,Obs extra 1,Obs extra 2
150,María,Vargas,CE,4203478,maría.vargas@mail.com,3784199343,3805149757,Inactivo,2,150,False,290,16,True,150,22:00:34,00:00:34,Rechazada,2025-12-07,Observación ejemplo,Efectivo,241684.92,GHI916,Moto,True,True,150,91,True,False,150,True,2026-01-15,22:00:34,False,150,Recibo,Descripción ejemplo,2025-10-23 22:00:34.056620,150,11,177,Paquete ejemplo,2025-11-13 22:00:34.056624,2025-11-15 22:00:34.056624,150,Novedad ejemplo,2025-11-06 22:00:34.056631,Obs extra 1,Obs extra 2
151,María,Martínez,TI,2088620,maría.martínez@mail.com,3760505737,3799799275,Activo,2,151,False,434,12,True,151,22:00:34,00:00:34,Aprobada,2025-11-24,Observación ejemplo,Transferencia,384674.41,GHI659,Carro,False,True,151,80,True,True,151,False,2025-12-12,22:00:34,True,151,Recibo,Descripción ejemplo,2025-11-01 22:00:34.056693,151,5,250,Paquete ejemplo,2025-11-14 22:00:34.056697,2025-11-18 22:00:34.056697,151,Novedad ejemplo,2025-11-19 22:00:34.056703,Obs extra 1,Obs extra 2
152,Luis,Torres,CC,4772499,luis.torres@mail.com,3153991154,3104765002,Inactivo,2,152,True,379,13,False,152,22:00:34,00:00:34,En espera,2025-12-08,Observación ejemplo,Efectivo,127158.78,XYZ710,Carro,True,True,152,5,False,False,152,True,2025-12-06,22:00:34,False,152,Recibo,Descripción ejemplo,2025-11-14 22:00:34.056761,152,4,464,Paquete ejemplo,2025-11-12 22:00:34.056764,2025-11-17 22:00:34.056764,152,Novedad ejemplo,2025-11-18 22:00:34.056770,Obs extra 1,Obs extra 2
153,Carlos,López,CC,8663574,carlos.lópez@mail.com,3155484751,3313737841,Activo,1,153,False,444,2,True,153,22:00:34,00:00:34,En espera,2025-11-23,Observación ejemplo,Efectivo,146412.76,XYZ357,Carro,True,False,153,14,False,True,153,False,2026-01-10,22:00:34,False,153,Recibo,Descripción ejemplo,2025-11-06 22:00:34.056828,153,20,321,Paquete ejemplo,2025-11-12 22:00:34.056832,2025-11-15 22:00:34.056832,153,Novedad ejemplo,2025-11-06 22:00:34.056838,Obs extra 1,Obs extra 2
154,Carlos,Torres,CC,2053294,carlos.torres@mail.com,3167590888,3960587787,Inactivo,1,154,True,169,9,True,154,22:00:34,00:00:34,En espera,2025-12-18,Observación ejemplo,Efectivo,333672.52,DEF967,Moto,True,False,154,2,False,False,154,,2025-12-15,22:00:34,True,154,Recibo,Descripción ejemplo,2025-10-31 22:00:34.056896,154,12,219,Paquete ejemplo,2025-11-14 22:00:34.056900,2025-11-17 22:00:34.056900,154,Novedad ejemplo,2025-11-16 22:00:34.056905,Obs extra 1,Obs extra 2
155,Pedro,Torres,CC,3407244,pedro.torres@mail.com,3859569626,3980512647,Inactivo,1,155,False,195,6,True,155,22:00:34,00:00:34,Aprobada,2025-12-17,Observación ejemplo,Transferencia,265641.43,ABC653,Carro,False,False,155,18,False,False,155,True,2025-12-27,22:00:34,True,155,Recibo,Descripción ejemplo,2025-11-10 22:00:34.056975,155,1,282,Paquete ejemplo,2025-11-16 22:00:34.056979,2025-11-19 22:00:34.056979,155,Novedad ejemplo,2025-11-05 22:00:34.056986,Obs extra 1,Obs extra 2
156,Sofía,García,TI,1821010,sofía.garcía@mail.com,3719520476,3646617670,Activo,3,156,False,157,15,True,156,22:00:34,00:00:34,Rechazada,2025-12-18,Observación ejemplo,Efectivo,356308.84,GHI409,Moto,False,False,156,56,True,True,156,False,2026-01-07,22:00:34,False,156,Recibo,Descripción ejemplo,2025-11-14 22:00:34.057051,156,20,126,Paquete ejemplo,2025-11-16 22:00:34.057055,2025-11-20 22:00:34.057055,156,Novedad ejemplo,2025-11-14 22:00:34.057062,Obs extra 1,Obs extra 2
157,Juan,Torres,TI,3260044,juan.torres@mail.com,3483978480,3757629299,Activo,3,157,True,119,8,False,157,22:00:34,00:00:34,En espera,2025-12-02,Observación ejemplo,Efectivo,420094.03,DEF870,Carro,False,True,157,53,False,False,157,False,2026-01-06,22:00:34,True,157,Recibo,Descripción ejemplo,2025-11-13 22:00:34.057133,157,12,365,Paquete ejemplo,2025-11-17 22:00:34.057136,2025-11-18 22:00:34.057136,157,Novedad ejemplo,2025-11-07 22:00:34.057143,Obs extra 1,Obs extra 2
158,Diego,Gómez,Pasaporte,7558072,diego.gómez@mail.com,3418046034,3403867351,Activo,1,158,True,265,5,True,158,22:00:34,00:00:34,En espera,2025-12-18,Observación ejemplo,Efectivo,269532.58,ABC657,Carro,True,False,158,32,False,True,158,False,2026-01-17,22:00:34,False,158,Recibo,Descripción ejemplo,2025-11-05 22:00:34.057208,158,18,473,Paquete ejemplo,2025-11-18 22:00:34.057212,2025-11-19 22:00:34.057212,158,Novedad ejemplo,2025-11-16 22:00:34.057218,Obs extra 1,Obs extra 2
159,Laura,Gómez,CE,9801160,laura.gómez@mail.com,3372767836,3877876177,Activo,1,159,True,251,5,False,159,22:00:34,00:00:34,En espera,2025-12-09,Observación ejemplo,Efectivo,109524.16,ABC803,Moto,False,False,159,50,False,False,159,False,2025-12-15,22:00:34,False,159,Recibo,Descripción ejemplo,2025-10-29 22:00:34.057278,159,13,303,Paquete ejemplo,2025-11-12 22:00:34.057282,2025-11-17 22:00:34.057282,159,Novedad ejemplo,2025-11-19 22:00:34.057288,Obs extra 1,Obs extra 2
160,Diego,Rodríguez,CC,9228602,diego.rodríguez@mail.com,3396943691,3464128644,Activo,2,160,True,164,2,True,160,22:00:34,00:00:34,En espera,2025-12-02,Observación ejemplo,Transferencia,494021.4,GHI424,Moto,False,True,160,72,False,False,160,,2026-01-05,22:00:34,True,160,Recibo,Descripción ejemplo,2025-10-21 22:00:34.057329,160,16,294,Paquete ejemplo,2025-11-12 22:00:34.057331,2025-11-16 22:00:34.057331,160,Novedad ejemplo,2025-11-13 22:00:34.057334,Obs extra 1,Obs extra 2
161,Ana,Pérez,CE,4099428,ana.pérez@mail.com,3301240629,3159970922,Activo,2,161,False,151,8,False,161,22:00:34,00:00:34,Rechazada,2025-12-07,Observación ejemplo,Efectivo,79770.58,DEF241,Carro,True,False,161,86,False,True,161,False,2025-12-06,22:00:34,False,161,Recibo,Descripción ejemplo,2025-10-23 22:00:34.057365,161,6,212,Paquete ejemplo,2025-11-19 22:00:34.057367,2025-11-24 22:00:34.057367,161,Novedad ejemplo,2025-11-16 22:00:34.057370,Obs extra 1,Obs extra 2
162,Valentina,García,CC,2290322,valentina.garcía@mail.com,3777660946,3382866478,Inactivo,3,162,True,137,17,True,162,22:00:34,00:00:34,Aprobada,2025-12-11,Observación ejemplo,Efectivo,486986.39,DEF307,Moto,False,True,162,68,True,False,162,,2025-12-18,22:00:34,False,162,Recibo,Descripción ejemplo,2025-11-18 22:00:34.057400,162,6,157,Paquete ejemplo,2025-11-14 22:00:34.057401,2025-11-18 22:00:34.057401,162,Novedad ejemplo,2025-11-10 22:00:34.057404,Obs extra 1,Obs extra 2
163,Sofía,Rodríguez,CC,8698132,sofía.rodríguez@mail.com,3473008201,3734020514,Activo,2,163,False,140,6,False,163,22:00:34,00:00:34,Aprobada,2025-12-04,Observación ejemplo,Transferencia,201380.9,DEF542,Moto,False,True,163,84,False,False,163,True,2025-11-23,22:00:34,True,163,Recibo,Descripción ejemplo,2025-10-25 22:00:34.057435,163,11,325,Paquete ejemplo,2025-11-11 22:00:34.057437,2025-11-13 22:00:34.057437,163,Novedad ejemplo,2025-11-16 22:00:34.057440,Obs extra 1,Obs extra 2
164,Pedro,López,CC,6498790,pedro.lópez@mail.com,3313280736,3766998440,Inactivo,1,164,False,339,5,False,164,22:00:34,00:00:34,En espera,2025-12-20,Observación ejemplo,Transferencia,186555.82,GHI559,Moto,True,False,164,86,True,True,164,False,2025-12-14,22:00:34,False,164,Recibo,Descripción ejemplo,2025-10-27 22:00:34.057474,164,20,407,Paquete ejemplo,2025-11-12 22:00:34.057476,2025-11-16 22:00:34.057476,164,Novedad ejemplo,2025-11-09 22:00:34.057479,Obs extra 1,Obs extra 2
165,Pedro,López,CC,3196013,pedro.lópez@mail.com,3747795972,3617741817,Inactivo,3,165,True,459,9,True,165,22:00:34,00:00:34,Rechazada,2025-12-06,Observación ejemplo,Efectivo,123038.26,ABC662,Moto,False,True,165,59,True,True,165,,2025-12-29,22:00:34,True,165,Recibo,Descripción ejemplo,2025-11-16 22:00:34.057508,165,1,473,Paquete ejemplo,2025-11-12 22:00:34.057510,2025-11-16 22:00:34.057510,165,Novedad ejemplo,2025-11-05 22:00:34.057513,Obs extra 1,Obs extra 2
166,Diego,Hernández,CC,3466861,diego.hernández@mail.com,3539651314,3543549590,Inactivo,2,166,False,165,7,True,166,22:00:34,00:00:34,Aprobada,2025-12-15,Observación ejemplo,Efectivo,93661.33,DEF122,Carro,True,True,166,88,True,True,166,False,2025-11-21,22:00:34,True,166,Recibo,Descripción ejemplo,2025-10-25 22:00:34.057542,166,18,258,Paquete ejemplo,2025-11-13 22:00:34.057544,2025-11-16 22:00:34.057544,166,Novedad ejemplo,2025-11-17 22:00:34.057548,Obs extra 1,Obs extra 2
167,Diego,Torres,Pasaporte,7027921,diego.torres@mail.com,3396332760,3439741307,Activo,2,167,True,367,17,False,167,22:00:34,00:00:34,En espera,2025-12-12,Observación ejemplo,Transferencia,236125.09,ABC614,Carro,True,True,167,18,False,True,167,True,2025-12-04,22:00:34,True,167,Recibo,Descripción ejemplo,2025-11-01 22:00:34.057577,167,4,152,Paquete ejemplo,2025-11-11 22:00:34.057579,2025-11-15 22:00:34.057579,167,Novedad ejemplo,2025-11-15 22:00:34.057582,Obs extra 1,Obs extra 2
168,Sofía,Ramírez,CC,1679085,sofía.ramírez@mail.com,3438762880,3297283932,Inactivo,1,168,False,463,14,True,168,22:00:34,00:00:34,En espera,2025-12-16,Observación ejemplo,Efectivo,225061.97,DEF957,Moto,False,False,168,23,True,False,168,,2025-12-16,22:00:34,True,168,Recibo,Descripción ejemplo,2025-10-22 22:00:34.057612,168,20,433,Paquete ejemplo,2025-11-15 22:00:34.057614,2025-11-18 22:00:34.057614,168,Novedad ejemplo,2025-11-14 22:00:34.057617,Obs extra 1,Obs extra 2
169,María,Torres,CC,5316466,maría.torres@mail.com,3851129528,3327001632,Activo,2,169,False,479,15,True,169,22:00:34,00:00:34,Aprobada,2025-11-29,Observación ejemplo,Transferencia,114229.24,GHI899,Carro,False,True,169,5,True,True,169,False,2025-11-23,22:00:34,True,169,Recibo,Descripción ejemplo,2025-10-29 22:00:34.057647,169,14,181,Paquete ejemplo,2025-11-12 22:00:34.057649,2025-11-15 22:00:34.057649,169,Novedad ejemplo,2025-11-16 22:00:34.057652,Obs extra 1,Obs extra 2
170,Juan,García,TI,5214918,juan.garcía@mail.com,3514062992,3539338412,Activo,3,170,False,412,19,False,170,22:00:34,00:00:34,En espera,2025-12-13,Observación ejemplo,Transferencia,425403.64,DEF966,Moto,True,False,170,33,True,True,170,,2025-12-10,22:00:34,False,170,Recibo,Descripción ejemplo,2025-11-05 22:00:34.057682,170,11,132,Paquete ejemplo,2025-11-12 22:00:34.057684,2025-11-16 22:00:34.057684,170,Novedad ejemplo,2025-11-13 22:00:34.057687,Obs extra 1,Obs extra 2
171,María,Martínez,CE,2910239,maría.martínez@mail.com,3763083298,3526146984,Inactivo,1,171,True,275,7,True,171,22:00:34,00:00:34,Rechazada,2025-12-15,Observación ejemplo,Efectivo,225148.94,DEF361,Carro,True,False,171,37,False,False,171,True,2025-12-20,22:00:34,True,171,Recibo,Descripción ejemplo,2025-10-28 22:00:34.057716,171,1,340,Paquete ejemplo,2025-11-10 22:00:34.057718,2025-11-15 22:00:34.057718,171,Novedad ejemplo,2025-11-11 22:00:34.057721,Obs extra 1,Obs extra 2
172,Juan,López,CC,3115997,juan.lópez@mail.com,3152027879,3498833903,Inactivo,2,172,True,222,19,False,172,22:00:34,00:00:34,En espera,2025-12-01,Observación ejemplo,Efectivo,384380.76,GHI548,Carro,True,True,172,96,True,False,172,,2025-12-31,22:00:34,False,172,Recibo,Descripción ejemplo,2025-10-22 22:00:34.057751,172,1,445,Paquete ejemplo,2025-11-13 22:00:34.057753,2025-11-14 22:00:34.057753,172,Novedad ejemplo,2025-11-05 22:00:34.057756,Obs extra 1,Obs extra 2
173,Valentina,Ramírez,TI,1956929,valentina.ramírez@mail.com,3904199072,3740850957,Inactivo,3,173,True,338,3,False,173,22:00:34,00:00:34,Rechazada,2025-11-29,Observación ejemplo,Transferencia,476197.54,XYZ817,Carro,True,False,173,15,False,False,173,,2025-12-28,22:00:34,True,173,Recibo,Descripción ejemplo,2025-11-13 22:00:34.057787,173,18,321,Paquete ejemplo,2025-11-10 22:00:34.057789,2025-11-15 22:00:34.057789,173,Novedad ejemplo,2025-11-18 22:00:34.057793,Obs extra 1,Obs extra 2
174,Valentina,Rodríguez,TI,4589048,valentina.rodríguez@mail.com,3392530400,3293590130,Inactivo,3,174,True,229,8,False,174,22:00:34,00:00:34,Rechazada,2025-12-08,Observación ejemplo,Transferencia,231070.59,GHI838,Carro,False,False,174,15,True,True,174,True,2026-01-03,22:00:34,False,174,Recibo,Descripción ejemplo,2025-11-16 22:00:34.057826,174,4,377,Paquete ejemplo,2025-11-10 22:00:34.057828,2025-11-15 22:00:34.057828,174,Novedad ejemplo,2025-11-09 22:00:34.057831,Obs extra 1,Obs extra 2
175,Ana,Rodríguez,Pasaporte,9797502,ana.rodríguez@mail.com,3555788576,3449265316,Inactivo,2,175,False,466,4,True,175,22:00:34,00:00:34,Rechazada,2025-11-28,Observación ejemplo,Efectivo,305388.77,XYZ233,Carro,True,True,175,86,False,True,175,False,2025-12-09,22:00:34,True,175,Recibo,Descripción ejemplo,2025-10-30 22:00:34.057863,175,16,480,Paquete ejemplo,2025-11-12 22:00:34.057865,2025-11-17 22:00:34.057865,175,Novedad ejemplo,2025-11-15 22:00:34.057868,Obs extra 1,Obs extra 2
176,Juan,García,Pasaporte,9698803,juan.garcía@mail.com,3458663803,3354243521,Activo,1,176,True,418,2,False,176,22:00:34,00:00:34,Aprobada,2025-12-13,Observación ejemplo,Efectivo,482702.18,ABC719,Moto,False,True,176,33,True,True,176,,2025-12-12,22:00:34,False,176,Recibo,Descripción ejemplo,2025-11-17 22:00:34.057939,176,15,441,Paquete ejemplo,2025-11-18 22:00:34.057943,2025-11-23 22:00:34.057943,176,Novedad ejemplo,2025-11-11 22:00:34.057948,Obs extra 1,Obs extra 2
177,Sofía,Ramírez,CC,8814258,sofía.ramírez@mail.com,3588250477,3207892540,Inactivo,3,177,True,403,20,True,177,22:00:34,00:00:34,Rechazada,2025-12-14,Observación ejemplo,Transferencia,407969.1,DEF814,Moto,False,True,177,44,False,False,177,False,2025-11-30,22:00:34,False,177,Recibo,Descripción ejemplo,2025-11-11 22:00:34.057982,177,2,502,Paquete ejemplo,2025-11-18 22:00:34.057984,2025-11-20 22:00:34.057984,177,Novedad ejemplo,2025-11-11 22:00:34.057987,Obs extra 1,Obs extra 2
178,Sofía,Ramírez,Pasaporte,2253395,sofía.ramírez@mail.com,3245616805,3741430812,Inactivo,1,178,False,487,8,False,178,22:00:34,00:00:34,Rechazada,2025-11-26,Observación ejemplo,Transferencia,103541.71,XYZ770,Carro,False,False,178,98,True,False,178,False,2025-12-03,22:00:34,True,178,Recibo,Descripción ejemplo,2025-10-27 22:00:34.058021,178,15,299,Paquete ejemplo,2025-11-15 22:00:34.058023,2025-11-20 22:00:34.058023,178,Novedad ejemplo,2025-11-11 22:00:34.058026,Obs extra 1,Obs extra 2
179,Diego,García,Pasaporte,3367614,diego.garcía@mail.com,3477663715,3169080970,Inactivo,2,179,False,128,16,False,179,22:00:34,00:00:34,Aprobada,2025-12-09,Observación ejemplo,Efectivo,65570.67,DEF825,Carro,False,False,179,86,True,True,179,False,2025-12-26,22:00:34,True,179,Recibo,Descripción ejemplo,2025-10-23 22:00:34.058057,179,18,132,Paquete ejemplo,2025-11-16 22:00:34.058060,2025-11-18 22:00:34.058060,179,Novedad ejemplo,2025-11-13 22:00:34.058069,Obs extra 1,Obs extra 2
180,Diego,Vargas,TI,6965233,diego.vargas@mail.com,3410176096,3412254363,Activo,3,180,False,474,15,False,180,22:00:34,00:00:34,En espera,2025-11-29,Observación ejemplo,Transferencia,84120.71,GHI530,Moto,True,False,180,11,False,True,180,False,2026-01-07,22:00:34,False,180,Recibo,Descripción ejemplo,2025-10-26 22:00:34.058194,180,18,255,Paquete ejemplo,2025-11-16 22:00:34.058196,2025-11-18 22:00:34.058196,180,Novedad ejemplo,2025-11-06 22:00:34.058199,Obs extra 1,Obs extra 2
181,Pedro,Martínez,Pasaporte,7516613,pedro.martínez@mail.com,3510442807,3618273164,Inactivo,2,181,True,291,8,False,181,22:00:34,00:00:34,En espera,2025-12-01,Observación ejemplo,Efectivo,369304.16,GHI593,Moto,False,True,181,11,True,False,181,True,2025-12-26,22:00:34,True,181,Recibo,Descripción ejemplo,2025-10-27 22:00:34.058233,181,5,295,Paquete ejemplo,2025-11-19 22:00:34.058235,2025-11-21 22:00:34.058235,181,Novedad ejemplo,2025-11-11 22:00:34.058238,Obs extra 1,Obs extra 2
182,Diego,Ramírez,CC,7048076,diego.ramírez@mail.com,3999267539,3760496489,Inactivo,1,182,True,470,3,False,182,22:00:34,00:00:34,En espera,2025-11-21,Observación ejemplo,Efectivo,362919.78,ABC262,Carro,False,True,182,54,True,True,182,True,2025-11-21,22:00:34,False,182,Recibo,Descripción ejemplo,2025-11-05 22:00:34.058272,182,19,493,Paquete ejemplo,2025-11-18 22:00:34.058273,2025-11-21 22:00:34.058273,182,Novedad ejemplo,2025-11-07 22:00:34.058276,Obs extra 1,Obs extra 2
183,Valentina,Rodríguez,CE,9142447,valentina.rodríguez@mail.com,3887833097,3829663677,Inactivo,3,183,True,364,1,False,183,22:00:34,00:00:34,Rechazada,2025-11-26,Observación ejemplo,Efectivo,439050.92,DEF275,Moto,True,False,183,39,True,False,183,True,2025-11-23,22:00:34,True,183,Recibo,Descripción ejemplo,2025-10-23 22:00:34.058307,183,4,209,Paquete ejemplo,2025-11-14 22:00:34.058308,2025-11-15 22:00:34.058308,183,Novedad ejemplo,2025-11-16 22:00:34.058312,Obs extra 1,Obs extra 2
184,Carlos,Torres,TI,3883501,carlos.torres@mail.com,3694301191,3981632143,Activo,2,184,False,501,7,True,184,22:00:34,00:00:34,En espera,2025-11-24,Observación ejemplo,Efectivo,309208.27,GHI587,Carro,False,False,184,87,True,False,184,False,2025-12-04,22:00:34,True,184,Recibo,Descripción ejemplo,2025-11-02 22:00:34.058341,184,17,416,Paquete ejemplo,2025-11-17 22:00:34.058343,2025-11-21 22:00:34.058343,184,Novedad ejemplo,2025-11-11 22:00:34.058346,Obs extra 1,Obs extra 2
185,Ana,López,CE,1388210,ana.lópez@mail.com,3587455847,3555303776,Activo,2,185,False,310,4,False,185,22:00:34,00:00:34,Rechazada,2025-12-05,Observación ejemplo,Efectivo,254157.85,GHI898,Carro,False,False,185,65,False,True,185,True,2025-12-25,22:00:34,True,185,Recibo,Descripción ejemplo,2025-10-23 22:00:34.058393,185,13,303,Paquete ejemplo,2025-11-17 22:00:34.058397,2025-11-19 22:00:34.058397,185,Novedad ejemplo,2025-11-06 22:00:34.058404,Obs extra 1,Obs extra 2
186,Sofía,Rodríguez,CC,5986906,sofía.rodríguez@mail.com,3834835897,3300045562,Activo,3,186,True,189,18,True,186,22:00:34,00:00:34,Rechazada,2025-12-17,Observación ejemplo,Transferencia,57363.51,DEF468,Moto,True,True,186,18,True,True,186,False,2025-12-18,22:00:34,True,186,Recibo,Descripción ejemplo,2025-10-26 22:00:34.058451,186,14,372,Paquete ejemplo,2025-11-13 22:00:34.058453,2025-11-18 22:00:34.058453,186,Novedad ejemplo,2025-11-14 22:00:34.058456,Obs extra 1,Obs extra 2
187,Juan,Rodríguez,CC,1858801,juan.rodríguez@mail.com,3137622817,3510469329,Activo,1,187,False,240,15,True,187,22:00:34,00:00:34,Rechazada,2025-11-22,Observación ejemplo,Efectivo,418977.84,GHI172,Carro,False,False,187,98,False,False,187,,2025-12-24,22:00:34,False,187,Recibo,Descripción ejemplo,2025-10-26 22:00:34.058486,187,16,491,Paquete ejemplo,2025-11-14 22:00:34.058487,2025-11-18 22:00:34.058487,187,Novedad ejemplo,2025-11-12 22:00:34.058490,Obs extra 1,Obs extra 2
188,María,Gómez,CC,1794473,maría.gómez@mail.com,3486967153,3143240882,Inactivo,3,188,True,341,5,False,188,22:00:34,00:00:34,En espera,2025-12-08,Observación ejemplo,Efectivo,130409.49,XYZ641,Carro,True,False,188,4,True,False,188,,2025-12-08,22:00:34,False,188,Recibo,Descripción ejemplo,2025-11-12 22:00:34.058521,188,4,301,Paquete ejemplo,2025-11-18 22:00:34.058523,2025-11-19 22:00:34.058523,188,Novedad ejemplo,2025-11-17 22:00:34.058527,Obs extra 1,Obs extra 2
189,María,Ramírez,TI,7218781,maría.ramírez@mail.com,3862233309,3596761363,Activo,3,189,False,360,14,True,189,22:00:34,00:00:34,Rechazada,2025-12-15,Observación ejemplo,Efectivo,55750.7,DEF621,Carro,True,False,189,95,True,False,189,False,2026-01-02,22:00:34,False,189,Recibo,Descripción ejemplo,2025-11-05 22:00:34.058557,189,20,213,Paquete ejemplo,2025-11-10 22:00:34.058558,2025-11-13 22:00:34.058558,189,Novedad ejemplo,2025-11-11 22:00:34.058562,Obs extra 1,Obs extra 2
190,Ana,Martínez,Pasaporte,1549563,ana.martínez@mail.com,3173179136,3335632042,Inactivo,1,190,False,443,5,False,190,22:00:34,00:00:34,En espera,2025-12-19,Observación ejemplo,Efectivo,489122.43,XYZ139,Carro,False,True,190,63,True,True,190,True,2026-01-01,22:00:34,True,190,Recibo,Descripción ejemplo,2025-11-17 22:00:34.058592,190,17,428,Paquete ejemplo,2025-11-12 22:00:34.058594,2025-11-16 22:00:34.058594,190,Novedad ejemplo,2025-11-09 22:00:34.058597,Obs extra 1,Obs extra 2
191,Laura,García,TI,4679928,laura.garcía@mail.com,3990192012,3912641108,Activo,1,191,True,316,14,True,191,22:00:34,00:00:34,Rechazada,2025-12-20,Observación ejemplo,Efectivo,233631.24,XYZ367,Carro,True,False,191,45,True,True,191,,2025-12-04,22:00:34,True,191,Recibo,Descripción ejemplo,2025-11-05 22:00:34.058625,191,15,415,Paquete ejemplo,2025-11-12 22:00:34.058627,2025-11-16 22:00:34.058627,191,Novedad ejemplo,2025-11-15 22:00:34.058631,Obs extra 1,Obs extra 2
192,Luis,Gómez,CE,9792504,luis.gómez@mail.com,3367338242,3624864478,Inactivo,1,192,True,500,7,True,192,22:00:34,00:00:34,Aprobada,2025-11-25,Observación ejemplo,Transferencia,273399.39,XYZ629,Carro,True,True,192,9,False,True,192,True,2025-12-31,22:00:34,False,192,Recibo,Descripción ejemplo,2025-11-18 22:00:34.058663,192,2,115,Paquete ejemplo,2025-11-12 22:00:34.058665,2025-11-16 22:00:34.058665,192,Novedad ejemplo,2025-11-19 22:00:34.058669,Obs extra 1,Obs extra 2
193,María,Torres,CC,5937822,maría.torres@mail.com,3373267394,3737456431,Activo,3,193,False,238,16,True,193,22:00:34,00:00:34,En espera,2025-11-24,Observación ejemplo,Efectivo,469719.97,ABC467,Moto,True,True,193,62,True,False,193,,2025-12-28,22:00:34,True,193,Recibo,Descripción ejemplo,2025-11-10 22:00:34.058697,193,6,235,Paquete ejemplo,2025-11-13 22:00:34.058699,2025-11-18 22:00:34.058699,193,Novedad ejemplo,2025-11-09 22:00:34.058702,Obs extra 1,Obs extra 2
194,Juan,Rodríguez,Pasaporte,8517883,juan.rodríguez@mail.com,3928589205,3139805967,Inactivo,2,194,False,130,17,True,194,22:00:34,00:00:34,En espera,2025-12-02,Observación ejemplo,Efectivo,84892.84,ABC925,Moto,True,False,194,6,True,False,194,True,2025-12-22,22:00:34,False,194,Recibo,Descripción ejemplo,2025-10-22 22:00:34.058732,194,19,129,Paquete ejemplo,2025-11-10 22:00:34.058734,2025-11-13 22:00:34.058734,194,Novedad ejemplo,2025-11-05 22:00:34.058737,Obs extra 1,Obs extra 2
195,Valentina,Gómez,TI,8668587,valentina.gómez@mail.com,3980558972,3100782804,Inactivo,1,195,False,256,19,False,195,22:00:34,00:00:34,Rechazada,2025-11-28,Observación ejemplo,Transferencia,409438.24,ABC551,Carro,True,True,195,69,True,True,195,False,2025-12-28,22:00:34,True,195,Recibo,Descripción ejemplo,2025-11-08 22:00:34.058769,195,5,276,Paquete ejemplo,2025-11-18 22:00:34.058771,2025-11-23 22:00:34.058771,195,Novedad ejemplo,2025-11-07 22:00:34.058774,Obs extra 1,Obs extra 2
196,Pedro,Pérez,TI,5233201,pedro.pérez@mail.com,3265765423,3107447453,Activo,1,196,False,412,4,True,196,22:00:34,00:00:34,Rechazada,2025-12-12,Observación ejemplo,Transferencia,467802.66,ABC492,Carro,False,False,196,57,True,True,196,False,2026-01-06,22:00:34,True,196,Recibo,Descripción ejemplo,2025-10-31 22:00:34.058806,196,19,396,Paquete ejemplo,2025-11-15 22:00:34.058807,2025-11-17 22:00:34.058807,196,Novedad ejemplo,2025-11-17 22:00:34.058811,Obs extra 1,Obs extra 2
197,Juan,Martínez,TI,3123621,juan.martínez@mail.com,3627780755,3203846694,Activo,3,197,True,189,9,False,197,22:00:34,00:00:34,Rechazada,2025-12-01,Observación ejemplo,Transferencia,425856.05,ABC533,Moto,True,False,197,88,False,False,197,,2026-01-18,22:00:34,False,197,Recibo,Descripción ejemplo,2025-11-07 22:00:34.058840,197,3,470,Paquete ejemplo,2025-11-10 22:00:34.058841,2025-11-11 22:00:34.058841,197,Novedad ejemplo,2025-11-15 22:00:34.058845,Obs extra 1,Obs extra 2
198,María,Ramírez,CE,8512108,maría.ramírez@mail.com,3620938549,3514203680,Activo,2,198,True,188,18,False,198,22:00:34,00:00:34,Rechazada,2025-11-29,Observación ejemplo,Transferencia,380096.9,GHI376,Moto,True,False,198,35,True,True,198,,2026-01-03,22:00:34,False,198,Recibo,Descripción ejemplo,2025-11-19 22:00:34.058873,198,20,460,Paquete ejemplo,2025-11-12 22:00:34.058875,2025-11-14 22:00:34.058875,198,Novedad ejemplo,2025-11-06 22:00:34.058878,Obs extra 1,Obs extra 2
199,Carlos,Martínez,TI,2816333,carlos.martínez@mail.com,3196129861,3674082090,Activo,3,199,True,273,3,False,199,22:00:34,00:00:34,Aprobada,2025-12-03,Observación ejemplo,Efectivo,59791.17,ABC485,Carro,True,False,199,3,False,False,199,True,2025-12-22,22:00:34,True,199,Recibo,Descripción ejemplo,2025-10-27 22:00:34.058907,199,4,406,Paquete ejemplo,2025-11-16 22:00:34.058909,2025-11-19 22:00:34.058909,199,Novedad ejemplo,2025-11-10 22:00:34.058912,Obs extra 1,Obs extra 2
200,Pedro,Rodríguez,CE,4801189,pedro.rodríguez@mail.com,3849012234,3903476291,Activo,2,200,False,275,7,True,200,22:00:34,00:00:34,Aprobada,2025-12-11,Observación ejemplo,Efectivo,121520.16,ABC783,Carro,False,False,200,46,False,True,200,,2026-01-06,22:00:34,True,200,Recibo,Descripción ejemplo,2025-11-02 22:00:34.058942,200,4,483,Paquete ejemplo,2025-11-16 22:00:34.058943,2025-11-17 22:00:34.058943,200,Novedad ejemplo,2025-11-17 22:00:34.058947,Obs extra 1,Obs extra 2
201,Diego,Ramírez,CC,5949180,diego.ramírez@mail.com,3912141907,3858481638,Activo,1,201,True,321,14,False,201,22:00:34,00:00:34,Aprobada,2025-12-07,Observación ejemplo,Transferencia,389425.22,DEF811,Carro,True,True,201,15,False,False,201,,2025-12-25,22:00:34,False,201,Recibo,Descripción ejemplo,2025-10-21 22:00:34.058977,201,6,323,Paquete ejemplo,2025-11-19 22:00:34.058979,2025-11-22 22:00:34.058979,201,Novedad ejemplo,2025-11-16 22:00:34.058982,Obs extra 1,Obs extra 2
202,Ana,Rodríguez,CC,7313486,ana.rodríguez@mail.com,3211457108,3373403274,Inactivo,2,202,False,218,4,False,202,22:00:34,00:00:34,En espera,2025-12-07,Observación ejemplo,Efectivo,325836.11,DEF833,Moto,True,False,202,21,True,False,202,True,2025-11-21,22:00:34,True,202,Recibo,Descripción ejemplo,2025-11-03 22:00:34.059014,202,3,319,Paquete ejemplo,2025-11-13 22:00:34.059016,2025-11-18 22:00:34.059016,202,Novedad ejemplo,2025-11-19 22:00:34.059019,Obs extra 1,Obs extra 2
203,María,García,Pasaporte,7530989,maría.garcía@mail.com,3327708610,3655334571,Inactivo,3,203,False,343,14,False,203,22:00:34,00:00:34,Rechazada,2025-11-25,Observación ejemplo,Transferencia,485565.79,XYZ472,Carro,False,True,203,95,False,False,203,,2026-01-08,22:00:34,True,203,Recibo,Descripción ejemplo,2025-11-11 22:00:34.059050,203,11,436,Paquete ejemplo,2025-11-19 22:00:34.059052,2025-11-20 22:00:34.059052,203,Novedad ejemplo,2025-11-08 22:00:34.059055,Obs extra 1,Obs extra 2
204,María,Martínez,Pasaporte,6576440,maría.martínez@mail.com,3356382740,3774996231,Inactivo,1,204,True,468,7,True,204,22:00:34,00:00:34,En espera,2025-12-07,Observación ejemplo,Efectivo,125541.2,ABC834,Carro,False,True,204,91,True,False,204,True,2025-12-21,22:00:34,True,204,Recibo,Descripción ejemplo,2025-11-07 22:00:34.059084,204,19,129,Paquete ejemplo,2025-11-12 22:00:34.059086,2025-11-15 22:00:34.059086,204,Novedad ejemplo,2025-11-13 22:00:34.059089,Obs extra 1,Obs extra 2
205,Pedro,López,CC,1359695,pedro.lópez@mail.com,3102538307,3878794728,Inactivo,1,205,False,231,19,True,205,22:00:34,00:00:34,Rechazada,2025-12-20,Observación ejemplo,Transferencia,281816.24,ABC148,Carro,False,False,205,97,False,False,205,,2026-01-13,22:00:34,True,205,Recibo,Descripción ejemplo,2025-11-17 22:00:34.059120,205,13,151,Paquete ejemplo,2025-11-19 22:00:34.059122,2025-11-22 22:00:34.059122,205,Novedad ejemplo,2025-11-11 22:00:34.059125,Obs extra 1,Obs extra 2
206,Laura,Torres,TI,6309771,laura.torres@mail.com,3842936099,3258545911,Inactivo,1,206,True,413,7,False,206,22:00:34,00:00:34,Rechazada,2025-12-18,Observación ejemplo,Efectivo,118504.77,XYZ971,Carro,True,False,206,81,False,True,206,False,2025-12-16,22:00:34,False,206,Recibo,Descripción ejemplo,2025-11-10 22:00:34.059177,206,18,462,Paquete ejemplo,2025-11-10 22:00:34.059179,2025-11-15 22:00:34.059179,206,Novedad ejemplo,2025-11-05 22:00:34.059183,Obs extra 1,Obs extra 2
207,Carlos,García,CE,2648131,carlos.garcía@mail.com,3231688551,3629549540,Inactivo,2,207,False,196,1,True,207,22:00:34,00:00:34,En espera,2025-12-14,Observación ejemplo,Efectivo,137411.71,ABC185,Carro,True,False,207,55,True,False,207,True,2025-12-04,22:00:34,False,207,Recibo,Descripción ejemplo,2025-11-14 22:00:34.059218,207,3,466,Paquete ejemplo,2025-11-15 22:00:34.059220,2025-11-19 22:00:34.059220,207,Novedad ejemplo,2025-11-16 22:00:34.059223,Obs extra 1,Obs extra 2
208,María,Ramírez,Pasaporte,6457821,maría.ramírez@mail.com,3717020702,3488220060,Inactivo,1,208,False,335,3,False,208,22:00:34,00:00:34,Aprobada,2025-12-18,Observación ejemplo,Efectivo,380405.51,ABC810,Carro,False,True,208,85,True,False,208,True,2025-12-17,22:00:34,True,208,Recibo,Descripción ejemplo,2025-10-23 22:00:34.059254,208,7,411,Paquete ejemplo,2025-11-12 22:00:34.059256,2025-11-17 22:00:34.059256,208,Novedad ejemplo,2025-11-11 22:00:34.059259,Obs extra 1,Obs extra 2
209,Pedro,Rodríguez,Pasaporte,6261107,pedro.rodríguez@mail.com,3638141145,3869847759,Inactivo,2,209,False,292,14,True,209,22:00:34,00:00:34,En espera,2025-12-16,Observación ejemplo,Efectivo,440695.32,DEF534,Moto,False,True,209,66,False,True,209,False,2025-11-23,22:00:34,False,209,Recibo,Descripción ejemplo,2025-10-30 22:00:34.059288,209,2,464,Paquete ejemplo,2025-11-13 22:00:34.059290,2025-11-17 22:00:34.059290,209,Novedad ejemplo,2025-11-06 22:00:34.059293,Obs extra 1,Obs extra 2
210,Diego,Martínez,CC,4253643,diego.martínez@mail.com,3774896039,3306913354,Activo,3,210,False,483,5,True,210,22:00:34,00:00:34,Rechazada,2025-12-15,Observación ejemplo,Efectivo,263337.89,GHI649,Moto,False,True,210,95,False,False,210,False,2025-11-26,22:00:34,False,210,Recibo,Descripción ejemplo,2025-10-23 22:00:34.059323,210,8,416,Paquete ejemplo,2025-11-10 22:00:34.059325,2025-11-12 22:00:34.059325,210,Novedad ejemplo,2025-11-10 22:00:34.059329,Obs extra 1,Obs extra 2
211,Ana,Martínez,TI,5190211,ana.martínez@mail.com,3593745965,3505500432,Inactivo,1,211,True,227,11,True,211,22:00:34,00:00:34,Rechazada,2025-12-04,Observación ejemplo,Efectivo,238736.26,XYZ192,Moto,True,False,211,56,True,False,211,True,2025-12-16,22:00:34,True,211,Recibo,Descripción ejemplo,2025-11-14 22:00:34.059358,211,6,212,Paquete ejemplo,2025-11-10 22:00:34.059360,2025-11-13 22:00:34.059360,211,Novedad ejemplo,2025-11-12 22:00:34.059363,Obs extra 1,Obs extra 2
212,Ana,López,Pasaporte,5599932,ana.lópez@mail.com,3515455909,3651896474,Activo,1,212,False,322,5,False,212,22:00:34,00:00:34,Aprobada,2025-11-27,Observación ejemplo,Efectivo,392297.76,DEF424,Moto,True,False,212,80,False,False,212,True,2025-12-26,22:00:34,True,212,Recibo,Descripción ejemplo,2025-11-07 22:00:34.059392,212,20,465,Paquete ejemplo,2025-11-18 22:00:34.059394,2025-11-21 22:00:34.059394,212,Novedad ejemplo,2025-11-10 22:00:34.059397,Obs extra 1,Obs extra 2
213,Pedro,Rodríguez,Pasaporte,1518293,pedro.rodríguez@mail.com,3540211379,3937392051,Inactivo,2,213,False,196,2,True,213,22:00:34,00:00:34,En espera,2025-12-09,Observación ejemplo,Transferencia,173457.49,XYZ879,Moto,True,True,213,83,True,True,213,False,2025-12-04,22:00:34,True,213,Recibo,Descripción ejemplo,2025-10-27 22:00:34.059983,213,2,409,Paquete ejemplo,2025-11-14 22:00:34.059986,2025-11-17 22:00:34.059986,213,Novedad ejemplo,2025-11-16 22:00:34.059989,Obs extra 1,Obs extra 2
214,Sofía,Rodríguez,TI,1602522,sofía.rodríguez@mail.com,3213091404,3342663295,Inactivo,3,214,False,416,5,False,214,22:00:34,00:00:34,Rechazada,2025-12-14,Observación ejemplo,Transferencia,72029.85,GHI694,Moto,True,False,214,13,False,True,214,,2025-12-18,22:00:34,True,214,Recibo,Descripción ejemplo,2025-11-10 22:00:34.060057,214,6,357,Paquete ejemplo,2025-11-13 22:00:34.060062,2025-11-15 22:00:34.060062,214,Novedad ejemplo,2025-11-13 22:00:34.060068,Obs extra 1,Obs extra 2
215,Pedro,Ramírez,CE,8074259,pedro.ramírez@mail.com,3160199600,3475836323,Inactivo,3,215,True,383,9,False,215,22:00:34,00:00:34,Rechazada,2025-11-22,Observación ejemplo,Transferencia,447753.08,DEF559,Carro,False,True,215,53,True,True,215,False,2025-12-05,22:00:34,False,215,Recibo,Descripción ejemplo,2025-11-05 22:00:34.060112,215,7,368,Paquete ejemplo,2025-11-10 22:00:34.060114,2025-11-11 22:00:34.060114,215,Novedad ejemplo,2025-11-17 22:00:34.060117,Obs extra 1,Obs extra 2
216,Juan,Gómez,CC,9270588,juan.gómez@mail.com,3370070048,3505010887,Activo,1,216,False,200,11,True,216,22:00:34,00:00:34,En espera,2025-11-27,Observación ejemplo,Efectivo,179243.17,GHI688,Moto,False,False,216,23,False,True,216,True,2025-12-27,22:00:34,False,216,Recibo,Descripción ejemplo,2025-11-07 22:00:34.060147,216,16,386,Paquete ejemplo,2025-11-17 22:00:34.060149,2025-11-21 22:00:34.060149,216,Novedad ejemplo,2025-11-13 22:00:34.060152,Obs extra 1,Obs extra 2
217,Luis,Rodríguez,Pasaporte,6080920,luis.rodríguez@mail.com,3658724203,3107683288,Inactivo,3,217,True,189,19,False,217,22:00:34,00:00:34,Aprobada,2025-12-14,Observación ejemplo,Efectivo,407483.02,GHI355,Carro,True,True,217,52,True,False,217,True,2025-12-25,22:00:34,False,217,Recibo,Descripción ejemplo,2025-11-13 22:00:34.060182,217,11,168,Paquete ejemplo,2025-11-16 22:00:34.060184,2025-11-21 22:00:34.060184,217,Novedad ejemplo,2025-11-09 22:00:34.060190,Obs extra 1,Obs extra 2
218,Valentina,Pérez,Pasaporte,1549828,valentina.pérez@mail.com,3558384641,3274487844,Activo,1,218,False,458,14,False,218,22:00:34,00:00:34,Rechazada,2025-12-04,Observación ejemplo,Efectivo,338115.37,XYZ642,Moto,False,True,218,66,True,True,218,,2025-12-16,22:00:34,False,218,Recibo,Descripción ejemplo,2025-10-27 22:00:34.060226,218,2,156,Paquete ejemplo,2025-11-18 22:00:34.060228,2025-11-20 22:00:34.060228,218,Novedad ejemplo,2025-11-12 22:00:34.060231,Obs extra 1,Obs extra 2
219,Laura,Ramírez,Pasaporte,9633701,laura.ramírez@mail.com,3465433737,3793569465,Inactivo,1,219,True,200,1,False,219,22:00:34,00:00:34,Aprobada,2025-12-11,Observación ejemplo,Efectivo,445322.09,DEF873,Moto,True,False,219,1,True,True,219,False,2025-12-19,22:00:34,False,219,Recibo,Descripción ejemplo,2025-10-22 22:00:34.060261,219,9,473,Paquete ejemplo,2025-11-17 22:00:34.060263,2025-11-22 22:00:34.060263,219,Novedad ejemplo,2025-11-13 22:00:34.060266,Obs extra 1,Obs extra 2
220,Luis,López,CC,2110376,luis.lópez@mail.com,3377162905,3466585101,Activo,3,220,True,361,16,False,220,22:00:34,00:00:34,Rechazada,2025-11-25,Observación ejemplo,Efectivo,492190.12,DEF639,Moto,False,True,220,42,True,True,220,,2025-12-03,22:00:34,True,220,Recibo,Descripción ejemplo,2025-11-02 22:00:34.060298,220,1,459,Paquete ejemplo,2025-11-16 22:00:34.060300,2025-11-17 22:00:34.060300,220,Novedad ejemplo,2025-11-05 22:00:34.060303,Obs extra 1,Obs extra 2
221,Pedro,Gómez,CC,2383533,pedro.gómez@mail.com,3435144352,3984085465,Inactivo,2,221,True,326,4,False,221,22:00:34,00:00:34,En espera,2025-12-12,Observación ejemplo,Efectivo,378411.28,DEF765,Carro,False,False,221,15,False,True,221,False,2025-11-26,22:00:34,True,221,Recibo,Descripción ejemplo,2025-10-29 22:00:34.060332,221,10,441,Paquete ejemplo,2025-11-13 22:00:34.060361,2025-11-17 22:00:34.060361,221,Novedad ejemplo,2025-11-05 22:00:34.060369,Obs extra 1,Obs extra 2
222,Luis,García,TI,9844206,luis.garcía@mail.com,3424789327,3551984241,Inactivo,3,222,True,377,6,False,222,22:00:34,00:00:34,En espera,2025-12-07,Observación ejemplo,Transferencia,305188.73,DEF593,Moto,True,False,222,23,False,False,222,,2025-12-26,22:00:34,False,222,Recibo,Descripción ejemplo,2025-10-21 22:00:34.060426,222,3,378,Paquete ejemplo,2025-11-12 22:00:34.060428,2025-11-16 22:00:34.060428,222,Novedad ejemplo,2025-11-20 22:00:34.060431,Obs extra 1,Obs extra 2
223,Valentina,Vargas,CC,4842849,valentina.vargas@mail.com,3961910019,3957983391,Activo,1,223,True,209,20,True,223,22:00:34,00:00:34,Rechazada,2025-12-16,Observación ejemplo,Efectivo,355803.76,XYZ666,Carro,False,False,223,57,True,False,223,False,2025-11-24,22:00:34,True,223,Recibo,Descripción ejemplo,2025-10-30 22:00:34.060462,223,13,170,Paquete ejemplo,2025-11-11 22:00:34.060464,2025-11-14 22:00:34.060464,223,Novedad ejemplo,2025-11-06 22:00:34.060468,Obs extra 1,Obs extra 2
224,Laura,Rodríguez,Pasaporte,9316627,laura.rodríguez@mail.com,3732749745,3272035854,Activo,3,224,True,496,12,False,224,22:00:34,00:00:34,En espera,2025-12-16,Observación ejemplo,Efectivo,339155.33,GHI958,Moto,True,False,224,27,True,False,224,,2025-12-06,22:00:34,False,224,Recibo,Descripción ejemplo,2025-11-13 22:00:34.060497,224,14,322,Paquete ejemplo,2025-11-15 22:00:34.060499,2025-11-19 22:00:34.060499,224,Novedad ejemplo,2025-11-06 22:00:34.060502,Obs extra 1,Obs extra 2
225,Juan,García,TI,8366542,juan.garcía@mail.com,3170097712,3865592559,Activo,3,225,True,357,12,True,225,22:00:34,00:00:34,Rechazada,2025-12-17,Observación ejemplo,Transferencia,206427.96,GHI590,Moto,True,True,225,41,True,False,225,,2026-01-14,22:00:34,False,225,Recibo,Descripción ejemplo,2025-11-05 22:00:34.060533,225,16,489,Paquete ejemplo,2025-11-13 22:00:34.060535,2025-11-18 22:00:34.060535,225,Novedad ejemplo,2025-11-19 22:00:34.060538,Obs extra 1,Obs extra 2
226,Valentina,Gómez,TI,8794212,valentina.gómez@mail.com,3753566983,3259643386,Inactivo,2,226,False,310,20,True,226,22:00:34,00:00:34,En espera,2025-12-12,Observación ejemplo,Transferencia,275360.33,ABC664,Carro,False,False,226,8,True,False,226,,2025-12-18,22:00:34,False,226,Recibo,Descripción ejemplo,2025-11-17 22:00:34.060567,226,5,232,Paquete ejemplo,2025-11-14 22:00:34.060569,2025-11-17 22:00:34.060569,226,Novedad ejemplo,2025-11-18 22:00:34.060577,Obs extra 1,Obs extra 2
227,Juan,García,Pasaporte,2427673,juan.garcía@mail.com,3419681810,3310576573,Activo,1,227,False,191,9,False,227,22:00:34,00:00:34,Aprobada,2025-12-13,Observación ejemplo,Efectivo,376709.58,ABC179,Carro,False,True,227,33,False,True,227,,2025-12-06,22:00:34,True,227,Recibo,Descripción ejemplo,2025-11-17 22:00:34.060652,227,17,399,Paquete ejemplo,2025-11-19 22:00:34.060655,2025-11-21 22:00:34.060655,227,Novedad ejemplo,2025-11-09 22:00:34.060659,Obs extra 1,Obs extra 2
228,María,Vargas,Pasaporte,6366749,maría.vargas@mail.com,3270360695,3411118298,Inactivo,2,228,True,242,5,True,228,22:00:34,00:00:34,En espera,2025-12-02,Observación ejemplo,Efectivo,186746.24,GHI594,Carro,False,False,228,80,True,False,228,False,2026-01-17,22:00:34,False,228,Recibo,Descripción ejemplo,2025-11-18 22:00:34.060698,228,12,133,Paquete ejemplo,2025-11-19 22:00:34.060700,2025-11-21 22:00:34.060700,228,Novedad ejemplo,2025-11-13 22:00:34.060703,Obs extra 1,Obs extra 2
229,Pedro,Gómez,Pasaporte,8647732,pedro.gómez@mail.com,3593840412,3413590584,Activo,1,229,True,442,18,True,229,22:00:34,00:00:34,Rechazada,2025-12-08,Observación ejemplo,Efectivo,373170.82,ABC572,Carro,False,True,229,50,True,True,229,,2026-01-06,22:00:34,True,229,Recibo,Descripción ejemplo,2025-11-14 22:00:34.060733,229,14,114,Paquete ejemplo,2025-11-10 22:00:34.060735,2025-11-14 22:00:34.060735,229,Novedad ejemplo,2025-11-07 22:00:34.060738,Obs extra 1,Obs extra 2
230,Sofía,López,TI,8941423,sofía.lópez@mail.com,3426623504,3968622390,Inactivo,1,230,True,335,7,True,230,22:00:34,00:00:34,Aprobada,2025-12-20,Observación ejemplo,Transferencia,376028.64,DEF701,Moto,True,False,230,5,True,True,230,,2025-12-08,22:00:34,True,230,Recibo,Descripción ejemplo,2025-11-14 22:00:34.060769,230,11,282,Paquete ejemplo,2025-11-12 22:00:34.060771,2025-11-15 22:00:34.060771,230,Novedad ejemplo,2025-11-09 22:00:34.060774,Obs extra 1,Obs extra 2
231,Sofía,Hernández,TI,8431482,sofía.hernández@mail.com,3667634083,3832049695,Inactivo,2,231,True,196,16,True,231,22:00:34,00:00:34,En espera,2025-12-16,Observación ejemplo,Transferencia,476829.88,ABC796,Moto,False,True,231,50,True,False,231,False,2025-12-04,22:00:34,False,231,Recibo,Descripción ejemplo,2025-11-08 22:00:34.060804,231,12,428,Paquete ejemplo,2025-11-16 22:00:34.060806,2025-11-18 22:00:34.060806,231,Novedad ejemplo,2025-11-17 22:00:34.060809,Obs extra 1,Obs extra 2
232,Diego,Pérez,Pasaporte,4182776,diego.pérez@mail.com,3227545568,3283951642,Inactivo,2,232,False,289,15,False,232,22:00:34,00:00:34,Aprobada,2025-12-20,Observación ejemplo,Transferencia,277035.14,DEF166,Carro,False,True,232,4,True,True,232,True,2025-12-24,22:00:34,True,232,Recibo,Descripción ejemplo,2025-11-12 22:00:34.060886,232,20,335,Paquete ejemplo,2025-11-15 22:00:34.060889,2025-11-18 22:00:34.060889,232,Novedad ejemplo,2025-11-19 22:00:34.060911,Obs extra 1,Obs extra 2
233,Ana,García,Pasaporte,7752869,ana.garcía@mail.com,3600559796,3747280017,Inactivo,1,233,True,464,6,True,233,22:00:34,00:00:34,Rechazada,2025-12-10,Observación ejemplo,Transferencia,241148.02,XYZ677,Moto,False,False,233,99,False,False,233,True,2025-12-18,22:00:34,False,233,Recibo,Descripción ejemplo,2025-10-29 22:00:34.060946,233,18,476,Paquete ejemplo,2025-11-19 22:00:34.060947,2025-11-22 22:00:34.060947,233,Novedad ejemplo,2025-11-07 22:00:34.060951,Obs extra 1,Obs extra 2
234,Valentina,Torres,TI,2825057,valentina.torres@mail.com,3226581177,3370619213,Inactivo,1,234,False,416,13,False,234,22:00:34,00:00:34,Aprobada,2025-12-10,Observación ejemplo,Transferencia,221406.89,GHI860,Carro,True,True,234,23,False,False,234,,2026-01-13,22:00:34,True,234,Recibo,Descripción ejemplo,2025-10-22 22:00:34.060984,234,7,200,Paquete ejemplo,2025-11-14 22:00:34.060986,2025-11-18 22:00:34.060986,234,Novedad ejemplo,2025-11-15 22:00:34.060989,Obs extra 1,Obs extra 2
235,Laura,Ramírez,CC,6496073,laura.ramírez@mail.com,3975033655,3575911896,Activo,3,235,False,411,13,False,235,22:00:34,00:00:34,En espera,2025-12-19,Observación ejemplo,Transferencia,378680.98,XYZ863,Moto,True,True,235,31,True,False,235,False,2025-12-10,22:00:34,True,235,Recibo,Descripción ejemplo,2025-11-09 22:00:34.061019,235,13,348,Paquete ejemplo,2025-11-19 22:00:34.061021,2025-11-22 22:00:34.061021,235,Novedad ejemplo,2025-11-18 22:00:34.061024,Obs extra 1,Obs extra 2
236,Diego,Martínez,Pasaporte,9597412,diego.martínez@mail.com,3793936302,3740576675,Activo,1,236,True,466,8,False,236,22:00:34,00:00:34,Rechazada,2025-12-11,Observación ejemplo,Efectivo,214340.86,XYZ154,Moto,True,True,236,35,False,False,236,False,2025-12-30,22:00:34,True,236,Recibo,Descripción ejemplo,2025-10-30 22:00:34.061062,236,5,109,Paquete ejemplo,2025-11-12 22:00:34.061066,2025-11-15 22:00:34.061066,236,Novedad ejemplo,2025-11-14 22:00:34.061072,Obs extra 1,Obs extra 2
237,Diego,Gómez,Pasaporte,6422705,diego.gómez@mail.com,3181046362,3837974815,Activo,2,237,True,429,11,False,237,22:00:34,00:00:34,En espera,2025-11-25,Observación ejemplo,Transferencia,475659.83,XYZ263,Carro,True,False,237,89,False,True,237,,2026-01-09,22:00:34,False,237,Recibo,Descripción ejemplo,2025-11-03 22:00:34.061132,237,9,374,Paquete ejemplo,2025-11-12 22:00:34.061136,2025-11-14 22:00:34.061136,237,Novedad ejemplo,2025-11-20 22:00:34.061141,Obs extra 1,Obs extra 2
238,Valentina,Pérez,TI,8756740,valentina.pérez@mail.com,3641272641,3817670759,Inactivo,2,238,True,277,12,False,238,22:00:34,00:00:34,Rechazada,2025-12-13,Observación ejemplo,Efectivo,448339.52,ABC129,Carro,False,False,238,34,False,True,238,,2026-01-15,22:00:34,False,238,Recibo,Descripción ejemplo,2025-11-11 22:00:34.061187,238,8,119,Paquete ejemplo,2025-11-17 22:00:34.061188,2025-11-18 22:00:34.061188,238,Novedad ejemplo,2025-11-07 22:00:34.061192,Obs extra 1,Obs extra 2
239,Laura,Gómez,CE,3654819,laura.gómez@mail.com,3125858947,3185340077,Inactivo,1,239,True,265,9,True,239,22:00:34,00:00:34,Rechazada,2025-11-24,Observación ejemplo,Efectivo,290387.74,DEF805,Moto,True,True,239,90,False,False,239,,2025-12-24,22:00:34,True,239,Recibo,Descripción ejemplo,2025-11-10 22:00:34.061226,239,3,484,Paquete ejemplo,2025-11-16 22:00:34.061228,2025-11-20 22:00:34.061228,239,Novedad ejemplo,2025-11-13 22:00:34.061232,Obs extra 1,Obs extra 2
240,María,Gómez,TI,3785697,maría.gómez@mail.com,3156880952,3305496403,Inactivo,1,240,True,464,19,False,240,22:00:34,00:00:34,Rechazada,2025-12-13,Observación ejemplo,Efectivo,473342.31,GHI431,Carro,True,True,240,81,True,True,240,True,2025-11-27,22:00:34,False,240,Recibo,Descripción ejemplo,2025-11-10 22:00:34.061262,240,3,363,Paquete ejemplo,2025-11-16 22:00:34.061264,2025-11-18 22:00:34.061264,240,Novedad ejemplo,2025-11-11 22:00:34.061267,Obs extra 1,Obs extra 2
241,Laura,Torres,Pasaporte,8798636,laura.torres@mail.com,3817226863,3424203106,Activo,2,241,True,280,9,False,241,22:00:34,00:00:34,Rechazada,2025-12-10,Observación ejemplo,Efectivo,81777.8,DEF668,Moto,False,False,241,86,False,True,241,False,2025-11-29,22:00:34,True,241,Recibo,Descripción ejemplo,2025-11-07 22:00:34.061297,241,8,153,Paquete ejemplo,2025-11-12 22:00:34.061299,2025-11-16 22:00:34.061299,241,Novedad ejemplo,2025-11-05 22:00:34.061302,Obs extra 1,Obs extra 2
242,Carlos,Gómez,TI,2935552,carlos.gómez@mail.com,3704791428,3254279710,Inactivo,2,242,False,466,20,True,242,22:00:34,00:00:34,Rechazada,2025-11-24,Observación ejemplo,Efectivo,102277.95,GHI515,Carro,True,True,242,89,False,True,242,True,2025-12-12,22:00:34,True,242,Recibo,Descripción ejemplo,2025-11-10 22:00:34.061330,242,1,141,Paquete ejemplo,2025-11-10 22:00:34.061332,2025-11-12 22:00:34.061332,242,Novedad ejemplo,2025-11-06 22:00:34.061338,Obs extra 1,Obs extra 2
243,Carlos,García,CC,3110655,carlos.garcía@mail.com,3718282724,3256626361,Activo,2,243,True,393,17,False,243,22:00:34,00:00:34,Aprobada,2025-12-02,Observación ejemplo,Efectivo,319836.06,XYZ803,Carro,True,False,243,35,False,True,243,True,2025-12-25,22:00:34,True,243,Recibo,Descripción ejemplo,2025-10-26 22:00:34.061387,243,8,315,Paquete ejemplo,2025-11-18 22:00:34.061391,2025-11-20 22:00:34.061391,243,Novedad ejemplo,2025-11-14 22:00:34.061400,Obs extra 1,Obs extra 2
244,Diego,Rodríguez,CC,2522815,diego.rodríguez@mail.com,3540463057,3779161685,Activo,3,244,True,238,18,False,244,22:00:34,00:00:34,Aprobada,2025-12-05,Observación ejemplo,Transferencia,408300.13,ABC507,Carro,True,False,244,75,False,False,244,False,2025-12-22,22:00:34,True,244,Recibo,Descripción ejemplo,2025-11-09 22:00:34.061479,244,18,489,Paquete ejemplo,2025-11-13 22:00:34.061481,2025-11-14 22:00:34.061481,244,Novedad ejemplo,2025-11-08 22:00:34.061484,Obs extra 1,Obs extra 2
245,Laura,Rodríguez,TI,2558463,laura.rodríguez@mail.com,3268505802,3195203097,Activo,1,245,False,135,9,True,245,22:00:34,00:00:34,Rechazada,2025-11-27,Observación ejemplo,Transferencia,80192.19,ABC634,Moto,True,True,245,13,False,False,245,False,2025-11-22,22:00:34,False,245,Recibo,Descripción ejemplo,2025-11-15 22:00:34.061517,245,6,329,Paquete ejemplo,2025-11-14 22:00:34.061518,2025-11-16 22:00:34.061518,245,Novedad ejemplo,2025-11-07 22:00:34.061522,Obs extra 1,Obs extra 2
246,Laura,Torres,TI,6240183,laura.torres@mail.com,3553811254,3138570789,Inactivo,2,246,True,414,15,False,246,22:00:34,00:00:34,Aprobada,2025-12-03,Observación ejemplo,Transferencia,117357.79,ABC821,Moto,True,False,246,64,False,False,246,False,2025-12-01,22:00:34,False,246,Recibo,Descripción ejemplo,2025-10-22 22:00:34.061568,246,1,447,Paquete ejemplo,2025-11-15 22:00:34.061570,2025-11-19 22:00:34.061570,246,Novedad ejemplo,2025-11-05 22:00:34.061574,Obs extra 1,Obs extra 2
247,Laura,Rodríguez,CE,4229579,laura.rodríguez@mail.com,3178881397,3871724293,Inactivo,3,247,False,351,14,False,247,22:00:34,00:00:34,En espera,2025-11-23,Observación ejemplo,Transferencia,406509.82,GHI448,Moto,True,False,247,65,False,True,247,False,2025-12-16,22:00:34,False,247,Recibo,Descripción ejemplo,2025-11-15 22:00:34.061605,247,9,171,Paquete ejemplo,2025-11-18 22:00:34.061607,2025-11-21 22:00:34.061607,247,Novedad ejemplo,2025-11-12 22:00:34.061610,Obs extra 1,Obs extra 2
248,Laura,Torres,CE,1888244,laura.torres@mail.com,3495371784,3225380997,Inactivo,1,248,True,398,2,False,248,22:00:34,00:00:34,Rechazada,2025-12-07,Observación ejemplo,Efectivo,212011.7,ABC919,Carro,True,True,248,41,False,False,248,,2025-12-29,22:00:34,True,248,Recibo,Descripción ejemplo,2025-11-04 22:00:34.061639,248,20,470,Paquete ejemplo,2025-11-19 22:00:34.061641,2025-11-23 22:00:34.061641,248,Novedad ejemplo,2025-11-20 22:00:34.061644,Obs extra 1,Obs extra 2
249,María,Rodríguez,CC,2008782,maría.rodríguez@mail.com,3418888950,3579902355,Inactivo,2,249,False,203,10,False,249,22:00:34,00:00:34,Aprobada,2025-11-21,Observación ejemplo,Efectivo,465303.7,GHI458,Carro,False,True,249,97,True,False,249,False,2025-12-02,22:00:34,False,249,Recibo,Descripción ejemplo,2025-10-22 22:00:34.061674,249,2,339,Paquete ejemplo,2025-11-11 22:00:34.061676,2025-11-16 22:00:34.061676,249,Novedad ejemplo,2025-11-18 22:00:34.061679,Obs extra 1,Obs extra 2
250,Juan,Gómez,CC,7227959,juan.gómez@mail.com,3177658214,3578874035,Inactivo,3,250,True,409,9,False,250,22:00:34,00:00:34,En espera,2025-12-14,Observación ejemplo,Efectivo,319533.9,ABC268,Moto,False,True,250,82,False,True,250,False,2025-12-18,22:00:34,True,250,Recibo,Descripción ejemplo,2025-10-23 22:00:34.061753,250,20,500,Paquete ejemplo,2025-11-16 22:00:34.061755,2025-11-18 22:00:34.061755,250,Novedad ejemplo,2025-11-15 22:00:34.061758,Obs extra 1,Obs extra 2
251,Sofía,Gómez,CC,7291510,sofía.gómez@mail.com,3531265596,3706610207,Activo,3,251,True,487,1,True,251,22:00:34,00:00:34,En espera,2025-12-10,Observación ejemplo,Transferencia,300417.52,DEF353,Moto,True,True,251,58,True,True,251,False,2026-01-03,22:00:34,True,251,Recibo,Descripción ejemplo,2025-11-10 22:00:34.061795,251,5,200,Paquete ejemplo,2025-11-13 22:00:34.061797,2025-11-15 22:00:34.061797,251,Novedad ejemplo,2025-11-17 22:00:34.061801,Obs extra 1,Obs extra 2
252,Valentina,Hernández,Pasaporte,2166233,valentina.hernández@mail.com,3781210393,3757650063,Activo,3,252,True,187,3,True,252,22:00:34,00:00:34,Aprobada,2025-12-14,Observación ejemplo,Transferencia,196849.65,ABC911,Moto,False,False,252,27,False,True,252,True,2026-01-09,22:00:34,False,252,Recibo,Descripción ejemplo,2025-11-15 22:00:34.061831,252,19,396,Paquete ejemplo,2025-11-15 22:00:34.061842,2025-11-16 22:00:34.061842,252,Novedad ejemplo,2025-11-08 22:00:34.061849,Obs extra 1,Obs extra 2
253,Pedro,Rodríguez,CE,7866042,pedro.rodríguez@mail.com,3504031539,3811387700,Inactivo,2,253,True,190,3,False,253,22:00:34,00:00:34,Aprobada,2025-11-30,Observación ejemplo,Transferencia,125181.48,GHI617,Moto,False,True,253,51,True,True,253,True,2025-12-10,22:00:34,False,253,Recibo,Descripción ejemplo,2025-10-29 22:00:34.061881,253,17,216,Paquete ejemplo,2025-11-17 22:00:34.061883,2025-11-21 22:00:34.061883,253,Novedad ejemplo,2025-11-05 22:00:34.061887,Obs extra 1,Obs extra 2
254,Ana,López,Pasaporte,2700765,ana.lópez@mail.com,3442239740,3716996025,Activo,1,254,False,302,8,True,254,22:00:34,00:00:34,Rechazada,2025-11-27,Observación ejemplo,Transferencia,54198.85,DEF856,Carro,False,False,254,1,True,True,254,,2026-01-03,22:00:34,True,254,Recibo,Descripción ejemplo,2025-11-07 22:00:34.061916,254,4,346,Paquete ejemplo,2025-11-18 22:00:34.061918,2025-11-22 22:00:34.061918,254,Novedad ejemplo,2025-11-15 22:00:34.061921,Obs extra 1,Obs extra 2
255,Valentina,Vargas,TI,1593759,valentina.vargas@mail.com,3771799672,3713349992,Inactivo,3,255,False,501,17,False,255,22:00:34,00:00:34,Rechazada,2025-12-14,Observación ejemplo,Efectivo,204444.73,DEF580,Carro,False,False,255,22,False,True,255,False,2025-12-28,22:00:34,False,255,Recibo,Descripción ejemplo,2025-11-01 22:00:34.061952,255,14,419,Paquete ejemplo,2025-11-12 22:00:34.061959,2025-11-16 22:00:34.061959,255,Novedad ejemplo,2025-11-15 22:00:34.061965,Obs extra 1,Obs extra 2
256,Juan,García,Pasaporte,5124345,juan.garcía@mail.com,3832351103,3293311377,Inactivo,2,256,True,362,6,False,256,22:00:34,00:00:34,Aprobada,2025-12-12,Observación ejemplo,Transferencia,303822.82,ABC528,Carro,True,False,256,18,False,False,256,,2026-01-06,22:00:34,True,256,Recibo,Descripción ejemplo,2025-10-28 22:00:34.062008,256,12,157,Paquete ejemplo,2025-11-19 22:00:34.062011,2025-11-23 22:00:34.062011,256,Novedad ejemplo,2025-11-08 22:00:34.062015,Obs extra 1,Obs extra 2
257,Carlos,Gómez,CC,2717614,carlos.gómez@mail.com,3809766022,3323160501,Inactivo,2,257,False,427,1,True,257,22:00:34,00:00:34,Aprobada,2025-11-30,Observación ejemplo,Efectivo,377418.46,ABC769,Carro,False,False,257,67,False,False,257,True,2025-11-25,22:00:34,False,257,Recibo,Descripción ejemplo,2025-10-30 22:00:34.062045,257,4,495,Paquete ejemplo,2025-11-15 22:00:34.062047,2025-11-16 22:00:34.062047,257,Novedad ejemplo,2025-11-18 22:00:34.062050,Obs extra 1,Obs extra 2
258,Valentina,Pérez,CE,2701060,valentina.pérez@mail.com,3452331886,3120493273,Inactivo,1,258,False,127,16,False,258,22:00:34,00:00:34,Aprobada,2025-11-24,Observación ejemplo,Transferencia,112144.22,GHI457,Carro,True,True,258,8,False,True,258,False,2025-11-29,22:00:34,False,258,Recibo,Descripción ejemplo,2025-11-02 22:00:34.062081,258,20,481,Paquete ejemplo,2025-11-17 22:00:34.062082,2025-11-22 22:00:34.062082,258,Novedad ejemplo,2025-11-19 22:00:34.062086,Obs extra 1,Obs extra 2
259,Juan,Ramírez,CC,2898459,juan.ramírez@mail.com,3753321995,3250834946,Activo,2,259,False,290,11,True,259,22:00:34,00:00:34,En espera,2025-12-08,Observación ejemplo,Efectivo,140800.73,XYZ961,Moto,False,False,259,47,False,False,259,True,2025-12-21,22:00:34,True,259,Recibo,Descripción ejemplo,2025-10-31 22:00:34.062115,259,4,104,Paquete ejemplo,2025-11-14 22:00:34.062117,2025-11-18 22:00:34.062117,259,Novedad ejemplo,2025-11-10 22:00:34.062120,Obs extra 1,Obs extra 2
260,María,Torres,Pasaporte,2393734,maría.torres@mail.com,3390617329,3911452409,Activo,2,260,True,448,19,False,260,22:00:34,00:00:34,Rechazada,2025-12-03,Observación ejemplo,Efectivo,486557.81,ABC185,Carro,False,False,260,12,False,True,260,True,2026-01-19,22:00:34,True,260,Recibo,Descripción ejemplo,2025-10-25 22:00:34.062152,260,10,361,Paquete ejemplo,2025-11-14 22:00:34.062154,2025-11-16 22:00:34.062154,260,Novedad ejemplo,2025-11-07 22:00:34.062158,Obs extra 1,Obs extra 2
261,Valentina,Torres,TI,3161073,valentina.torres@mail.com,3109625769,3701045921,Inactivo,2,261,False,401,15,False,261,22:00:34,00:00:34,En espera,2025-12-11,Observación ejemplo,Efectivo,303449.04,XYZ310,Carro,False,True,261,82,True,True,261,False,2025-12-28,22:00:34,True,261,Recibo,Descripción ejemplo,2025-10-24 22:00:34.062224,261,5,453,Paquete ejemplo,2025-11-16 22:00:34.062226,2025-11-17 22:00:34.062226,261,Novedad ejemplo,2025-11-06 22:00:34.062229,Obs extra 1,Obs extra 2
262,Laura,Gómez,CE,6820990,laura.gómez@mail.com,3174475466,3984546200,Activo,3,262,True,155,11,True,262,22:00:34,00:00:34,Aprobada,2025-11-30,Observación ejemplo,Efectivo,180084.62,ABC682,Moto,True,True,262,38,False,False,262,,2026-01-18,22:00:34,False,262,Recibo,Descripción ejemplo,2025-10-28 22:00:34.062264,262,20,301,Paquete ejemplo,2025-11-15 22:00:34.062266,2025-11-20 22:00:34.062266,262,Novedad ejemplo,2025-11-09 22:00:34.062269,Obs extra 1,Obs extra 2
263,Luis,Rodríguez,CE,7772311,luis.rodríguez@mail.com,3849676684,3688263389,Activo,2,263,True,243,1,True,263,22:00:34,00:00:34,Aprobada,2025-11-30,Observación ejemplo,Transferencia,182657.88,ABC539,Carro,False,False,263,59,True,False,263,,2025-12-23,22:00:34,True,263,Recibo,Descripción ejemplo,2025-10-29 22:00:34.062300,263,11,240,Paquete ejemplo,2025-11-13 22:00:34.062302,2025-11-16 22:00:34.062302,263,Novedad ejemplo,2025-11-13 22:00:34.062305,Obs extra 1,Obs extra 2
264,María,Gómez,CC,9395519,maría.gómez@mail.com,3707052463,3299408995,Activo,2,264,True,477,1,True,264,22:00:34,00:00:34,Aprobada,2025-12-18,Observación ejemplo,Efectivo,236997.5,GHI934,Moto,True,False,264,39,False,False,264,True,2026-01-07,22:00:34,True,264,Recibo,Descripción ejemplo,2025-11-03 22:00:34.062334,264,11,415,Paquete ejemplo,2025-11-10 22:00:34.062336,2025-11-15 22:00:34.062336,264,Novedad ejemplo,2025-11-13 22:00:34.062339,Obs extra 1,Obs extra 2
265,Carlos,Pérez,CE,7212554,carlos.pérez@mail.com,3494938710,3267384471,Activo,2,265,True,257,14,True,265,22:00:34,00:00:34,Aprobada,2025-12-17,Observación ejemplo,Transferencia,415889.41,ABC243,Carro,False,True,265,21,True,False,265,False,2026-01-08,22:00:34,True,265,Recibo,Descripción ejemplo,2025-11-09 22:00:34.062368,265,19,294,Paquete ejemplo,2025-11-19 22:00:34.062370,2025-11-21 22:00:34.062370,265,Novedad ejemplo,2025-11-05 22:00:34.062373,Obs extra 1,Obs extra 2
266,Sofía,Vargas,CE,9548241,sofía.vargas@mail.com,3653023816,3445331899,Activo,2,266,False,456,19,True,266,22:00:34,00:00:34,Rechazada,2025-12-05,Observación ejemplo,Transferencia,400030.56,ABC889,Moto,True,False,266,53,False,True,266,True,2025-12-04,22:00:34,False,266,Recibo,Descripción ejemplo,2025-11-01 22:00:34.062406,266,12,151,Paquete ejemplo,2025-11-10 22:00:34.062407,2025-11-13 22:00:34.062407,266,Novedad ejemplo,2025-11-13 22:00:34.062411,Obs extra 1,Obs extra 2
267,Luis,Ramírez,CC,9378131,luis.ramírez@mail.com,3185443721,3774832050,Inactivo,2,267,False,267,11,False,267,22:00:34,00:00:34,En espera,2025-12-09,Observación ejemplo,Transferencia,395620.67,DEF746,Carro,False,False,267,52,True,True,267,,2025-12-12,22:00:34,True,267,Recibo,Descripción ejemplo,2025-10-31 22:00:34.062442,267,12,501,Paquete ejemplo,2025-11-18 22:00:34.062449,2025-11-21 22:00:34.062449,267,Novedad ejemplo,2025-11-14 22:00:34.062455,Obs extra 1,Obs extra 2
268,Juan,Gómez,CC,6675315,juan.gómez@mail.com,3571635720,3924072087,Activo,2,268,False,370,6,True,268,22:00:34,00:00:34,En espera,2025-12-10,Observación ejemplo,Efectivo,173702.3,DEF508,Moto,False,True,268,94,True,True,268,False,2026-01-16,22:00:34,True,268,Recibo,Descripción ejemplo,2025-10-23 22:00:34.062522,268,2,177,Paquete ejemplo,2025-11-11 22:00:34.062526,2025-11-15 22:00:34.062526,268,Novedad ejemplo,2025-11-09 22:00:34.062530,Obs extra 1,Obs extra 2
269,Diego,García,CE,5553221,diego.garcía@mail.com,3214176813,3797659333,Inactivo,3,269,False,413,11,False,269,22:00:34,00:00:34,Aprobada,2025-11-27,Observación ejemplo,Efectivo,372716.05,XYZ784,Moto,True,True,269,68,True,False,269,,2025-12-27,22:00:34,False,269,Recibo,Descripción ejemplo,2025-11-07 22:00:34.062565,269,15,501,Paquete ejemplo,2025-11-17 22:00:34.062567,2025-11-20 22:00:34.062567,269,Novedad ejemplo,2025-11-15 22:00:34.062570,Obs extra 1,Obs extra 2
270,Laura,Gómez,CC,4221296,laura.gómez@mail.com,3392524025,3118591981,Activo,2,270,True,265,12,True,270,22:00:34,00:00:34,Aprobada,2025-11-29,Observación ejemplo,Efectivo,293841.73,XYZ774,Carro,False,True,270,33,True,True,270,,2025-12-31,22:00:34,True,270,Recibo,Descripción ejemplo,2025-10-21 22:00:34.062601,270,11,232,Paquete ejemplo,2025-11-17 22:00:34.062603,2025-11-20 22:00:34.062603,270,Novedad ejemplo,2025-11-09 22:00:34.062606,Obs extra 1,Obs extra 2
271,Sofía,Ramírez,TI,8641154,sofía.ramírez@mail.com,3714855291,3872348191,Activo,1,271,False,402,12,False,271,22:00:34,00:00:34,En espera,2025-11-29,Observación ejemplo,Transferencia,445758.29,ABC720,Carro,True,False,271,20,True,False,271,,2025-12-13,22:00:34,False,271,Recibo,Descripción ejemplo,2025-11-02 22:00:34.062642,271,9,478,Paquete ejemplo,2025-11-17 22:00:34.062644,2025-11-22 22:00:34.062644,271,Novedad ejemplo,2025-11-09 22:00:34.062647,Obs extra 1,Obs extra 2
272,Juan,Rodríguez,Pasaporte,8093193,juan.rodríguez@mail.com,3643662400,3942881808,Inactivo,3,272,False,367,14,True,272,22:00:34,00:00:34,Aprobada,2025-12-01,Observación ejemplo,Efectivo,152537.3,XYZ172,Carro,False,True,272,63,True,True,272,False,2025-12-13,22:00:34,False,272,Recibo,Descripción ejemplo,2025-10-27 22:00:34.062677,272,19,244,Paquete ejemplo,2025-11-12 22:00:34.062679,2025-11-17 22:00:34.062679,272,Novedad ejemplo,2025-11-06 22:00:34.062683,Obs extra 1,Obs extra 2
273,Sofía,Torres,Pasaporte,5468524,sofía.torres@mail.com,3128781403,3200087939,Inactivo,3,273,False,394,8,True,273,22:00:34,00:00:34,En espera,2025-11-27,Observación ejemplo,Transferencia,399257.64,DEF343,Moto,True,True,273,12,False,False,273,False,2026-01-19,22:00:34,False,273,Recibo,Descripción ejemplo,2025-11-17 22:00:34.062713,273,2,337,Paquete ejemplo,2025-11-11 22:00:34.062715,2025-11-16 22:00:34.062715,273,Novedad ejemplo,2025-11-11 22:00:34.062718,Obs extra 1,Obs extra 2
274,Pedro,Gómez,CC,5580420,pedro.gómez@mail.com,3349158906,3299915041,Activo,1,274,False,287,12,True,274,22:00:34,00:00:34,Rechazada,2025-12-11,Observación ejemplo,Transferencia,350611.21,ABC386,Moto,False,True,274,7,True,False,274,True,2025-11-23,22:00:34,False,274,Recibo,Descripción ejemplo,2025-10-30 22:00:34.062747,274,20,371,Paquete ejemplo,2025-11-13 22:00:34.062749,2025-11-16 22:00:34.062749,274,Novedad ejemplo,2025-11-17 22:00:34.062752,Obs extra 1,Obs extra 2
275,Juan,Pérez,CE,8570519,juan.pérez@mail.com,3323800169,3819590819,Activo,2,275,True,340,7,False,275,22:00:34,00:00:34,En espera,2025-11-30,Observación ejemplo,Efectivo,52476.1,GHI817,Moto,True,True,275,39,True,False,275,False,2025-12-04,22:00:34,True,275,Recibo,Descripción ejemplo,2025-10-26 22:00:34.062781,275,16,365,Paquete ejemplo,2025-11-15 22:00:34.062783,2025-11-20 22:00:34.062783,275,Novedad ejemplo,2025-11-08 22:00:34.062786,Obs extra 1,Obs extra 2
276,Carlos,Hernández,Pasaporte,2831873,carlos.hernández@mail.com,3269410206,3799752228,Inactivo,2,276,False,395,12,False,276,22:00:34,00:00:34,Rechazada,2025-12-20,Observación ejemplo,Efectivo,182401.56,XYZ959,Carro,False,False,276,71,True,True,276,True,2025-12-16,22:00:34,True,276,Recibo,Descripción ejemplo,2025-11-10 22:00:34.062815,276,6,365,Paquete ejemplo,2025-11-13 22:00:34.062817,2025-11-16 22:00:34.062817,276,Novedad ejemplo,2025-11-16 22:00:34.062820,Obs extra 1,Obs extra 2
277,Diego,Torres,Pasaporte,8493352,diego.torres@mail.com,3801194627,3896566719,Inactivo,2,277,False,130,16,False,277,22:00:34,00:00:34,En espera,2025-12-13,Observación ejemplo,Efectivo,458945.59,ABC135,Carro,False,True,277,34,False,False,277,False,2025-12-22,22:00:34,True,277,Recibo,Descripción ejemplo,2025-11-02 22:00:34.062870,277,18,140,Paquete ejemplo,2025-11-19 22:00:34.062871,2025-11-23 22:00:34.062871,277,Novedad ejemplo,2025-11-08 22:00:34.062875,Obs extra 1,Obs extra 2
278,Luis,López,CE,8810369,luis.lópez@mail.com,3132254434,3419875411,Inactivo,3,278,True,465,2,False,278,22:00:34,00:00:34,Aprobada,2025-12-16,Observación ejemplo,Transferencia,194100.53,XYZ555,Carro,True,False,278,4,False,True,278,True,2026-01-01,22:00:34,True,278,Recibo,Descripción ejemplo,2025-10-23 22:00:34.062904,278,7,314,Paquete ejemplo,2025-11-18 22:00:34.062906,2025-11-20 22:00:34.062906,278,Novedad ejemplo,2025-11-19 22:00:34.062909,Obs extra 1,Obs extra 2
279,Ana,Torres,CC,3651998,ana.torres@mail.com,3267788260,3475164586,Inactivo,3,279,True,185,20,True,279,22:00:34,00:00:34,En espera,2025-11-28,Observación ejemplo,Transferencia,396498.19,DEF479,Moto,True,True,279,11,False,True,279,,2025-11-27,22:00:34,False,279,Recibo,Descripción ejemplo,2025-10-30 22:00:34.062940,279,19,151,Paquete ejemplo,2025-11-14 22:00:34.062942,2025-11-19 22:00:34.062942,279,Novedad ejemplo,2025-11-16 22:00:34.062945,Obs extra 1,Obs extra 2
280,Juan,Pérez,Pasaporte,1527826,juan.pérez@mail.com,3872378281,3518422760,Inactivo,1,280,True,124,8,True,280,22:00:34,00:00:34,Rechazada,2025-12-15,Observación ejemplo,Transferencia,239009.95,XYZ382,Moto,True,False,280,20,False,False,280,,2025-12-20,22:00:34,False,280,Recibo,Descripción ejemplo,2025-10-27 22:00:34.062974,280,12,369,Paquete ejemplo,2025-11-15 22:00:34.062977,2025-11-17 22:00:34.062977,280,Novedad ejemplo,2025-11-09 22:00:34.062980,Obs extra 1,Obs extra 2
281,Diego,Vargas,CC,5503611,diego.vargas@mail.com,3280665642,3439800173,Inactivo,1,281,False,420,9,True,281,22:00:34,00:00:34,Rechazada,2025-12-15,Observación ejemplo,Transferencia,86081.39,DEF171,Carro,False,False,281,62,True,False,281,,2025-12-20,22:00:34,True,281,Recibo,Descripción ejemplo,2025-11-05 22:00:34.063009,281,13,304,Paquete ejemplo,2025-11-11 22:00:34.063011,2025-11-14 22:00:34.063011,281,Novedad ejemplo,2025-11-18 22:00:34.063014,Obs extra 1,Obs extra 2
282,Sofía,Vargas,Pasaporte,8536593,sofía.vargas@mail.com,3517314711,3271559832,Activo,3,282,True,272,4,False,282,22:00:34,00:00:34,Aprobada,2025-12-17,Observación ejemplo,Transferencia,391367.39,DEF338,Carro,True,True,282,12,False,True,282,,2025-12-20,22:00:34,True,282,Recibo,Descripción ejemplo,2025-11-04 22:00:34.063046,282,11,249,Paquete ejemplo,2025-11-17 22:00:34.063047,2025-11-22 22:00:34.063047,282,Novedad ejemplo,2025-11-12 22:00:34.063051,Obs extra 1,Obs extra 2
283,Ana,Martínez,TI,6406967,ana.martínez@mail.com,3707811153,3637857491,Inactivo,1,283,False,401,17,False,283,22:00:34,00:00:34,En espera,2025-12-08,Observación ejemplo,Efectivo,236041.07,DEF759,Moto,False,True,283,9,False,True,283,True,2025-12-28,22:00:34,False,283,Recibo,Descripción ejemplo,2025-10-23 22:00:34.063120,283,5,217,Paquete ejemplo,2025-11-18 22:00:34.063122,2025-11-22 22:00:34.063122,283,Novedad ejemplo,2025-11-18 22:00:34.063125,Obs extra 1,Obs extra 2
284,Laura,Pérez,CE,4745450,laura.pérez@mail.com,3208408874,3448827762,Activo,3,284,True,307,16,True,284,22:00:34,00:00:34,Aprobada,2025-11-24,Observación ejemplo,Efectivo,227173.85,ABC535,Moto,False,True,284,63,False,True,284,,2025-11-25,22:00:34,True,284,Recibo,Descripción ejemplo,2025-11-07 22:00:34.063155,284,10,243,Paquete ejemplo,2025-11-13 22:00:34.063157,2025-11-15 22:00:34.063157,284,Novedad ejemplo,2025-11-18 22:00:34.063160,Obs extra 1,Obs extra 2
285,Carlos,García,CE,1529851,carlos.garcía@mail.com,3766950428,3750931194,Inactivo,3,285,True,224,10,False,285,22:00:34,00:00:34,Aprobada,2025-12-06,Observación ejemplo,Efectivo,203753.65,DEF165,Carro,False,True,285,40,False,True,285,,2025-12-07,22:00:34,False,285,Recibo,Descripción ejemplo,2025-11-12 22:00:34.063189,285,16,380,Paquete ejemplo,2025-11-14 22:00:34.063191,2025-11-16 22:00:34.063191,285,Novedad ejemplo,2025-11-12 22:00:34.063194,Obs extra 1,Obs extra 2
286,Diego,Torres,CC,2777309,diego.torres@mail.com,3122417309,3462579697,Activo,2,286,True,455,4,False,286,22:00:34,00:00:34,En espera,2025-12-01,Observación ejemplo,Efectivo,231781.64,GHI326,Carro,False,True,286,81,False,False,286,False,2025-12-24,22:00:34,True,286,Recibo,Descripción ejemplo,2025-10-24 22:00:34.063243,286,5,187,Paquete ejemplo,2025-11-13 22:00:34.063245,2025-11-16 22:00:34.063245,286,Novedad ejemplo,2025-11-09 22:00:34.063249,Obs extra 1,Obs extra 2
287,Sofía,López,TI,9891515,sofía.lópez@mail.com,3332935373,3435024509,Inactivo,2,287,False,480,2,False,287,22:00:34,00:00:34,Rechazada,2025-12-02,Observación ejemplo,Efectivo,218863.59,ABC424,Carro,False,True,287,17,False,True,287,,2026-01-15,22:00:34,True,287,Recibo,Descripción ejemplo,2025-11-07 22:00:34.063351,287,7,231,Paquete ejemplo,2025-11-19 22:00:34.063353,2025-11-22 22:00:34.063353,287,Novedad ejemplo,2025-11-10 22:00:34.063356,Obs extra 1,Obs extra 2
288,María,Pérez,CC,9513297,maría.pérez@mail.com,3404456176,3893177248,Inactivo,3,288,False,156,18,False,288,22:00:34,00:00:34,En espera,2025-12-20,Observación ejemplo,Transferencia,131245.77,ABC943,Carro,True,True,288,25,True,False,288,True,2025-12-09,22:00:34,False,288,Recibo,Descripción ejemplo,2025-10-31 22:00:34.063408,288,18,360,Paquete ejemplo,2025-11-18 22:00:34.063410,2025-11-22 22:00:34.063410,288,Novedad ejemplo,2025-11-19 22:00:34.063414,Obs extra 1,Obs extra 2
289,Ana,Pérez,CE,1561510,ana.pérez@mail.com,3245752845,3313730295,Inactivo,1,289,True,408,10,True,289,22:00:34,00:00:34,Rechazada,2025-11-25,Observación ejemplo,Efectivo,113987.28,XYZ272,Moto,True,True,289,89,False,False,289,True,2025-12-14,22:00:34,False,289,Recibo,Descripción ejemplo,2025-11-05 22:00:34.063444,289,2,417,Paquete ejemplo,2025-11-16 22:00:34.063446,2025-11-17 22:00:34.063446,289,Novedad ejemplo,2025-11-08 22:00:34.063449,Obs extra 1,Obs extra 2
290,Luis,García,CC,5441127,luis.garcía@mail.com,3402527321,3331031711,Inactivo,3,290,True,393,14,False,290,22:00:34,00:00:34,Aprobada,2025-12-12,Observación ejemplo,Transferencia,76351.31,XYZ539,Moto,False,True,290,36,False,False,290,,2025-12-21,22:00:34,True,290,Recibo,Descripción ejemplo,2025-11-02 22:00:34.063480,290,18,258,Paquete ejemplo,2025-11-14 22:00:34.063482,2025-11-18 22:00:34.063482,290,Novedad ejemplo,2025-11-12 22:00:34.063485,Obs extra 1,Obs extra 2
291,Sofía,Gómez,CC,4748856,sofía.gómez@mail.com,3707306301,3537674163,Inactivo,2,291,True,388,11,False,291,22:00:34,00:00:34,En espera,2025-12-10,Observación ejemplo,Efectivo,96771.8,DEF684,Moto,True,True,291,63,True,False,291,True,2025-12-16,22:00:34,True,291,Recibo,Descripción ejemplo,2025-11-14 22:00:34.063515,291,14,220,Paquete ejemplo,2025-11-14 22:00:34.063517,2025-11-17 22:00:34.063517,291,Novedad ejemplo,2025-11-15 22:00:34.063520,Obs extra 1,Obs extra 2
292,María,Pérez,TI,6274715,maría.pérez@mail.com,3332587359,3492475461,Inactivo,3,292,False,172,16,False,292,22:00:34,00:00:34,En espera,2025-12-10,Observación ejemplo,Efectivo,229156.75,ABC434,Moto,True,False,292,71,True,False,292,False,2025-11-28,22:00:34,False,292,Recibo,Descripción ejemplo,2025-11-08 22:00:34.063668,292,6,298,Paquete ejemplo,2025-11-15 22:00:34.063761,2025-11-20 22:00:34.063761,292,Novedad ejemplo,2025-11-17 22:00:34.065837,Obs extra 1,Obs extra 2
293,Ana,Ramírez,TI,8913476,ana.ramírez@mail.com,3840696484,3899017458,Inactivo,3,293,True,318,16,False,293,22:00:34,00:00:34,Rechazada,2025-11-30,Observación ejemplo,Efectivo,499178.57,DEF909,Moto,False,True,293,47,True,True,293,True,2025-12-13,22:00:34,True,293,Recibo,Descripción ejemplo,2025-11-15 22:00:34.065898,293,6,109,Paquete ejemplo,2025-11-17 22:00:34.065900,2025-11-20 22:00:34.065900,293,Novedad ejemplo,2025-11-20 22:00:34.065903,Obs extra 1,Obs extra 2
294,Valentina,López,TI,1937522,valentina.lópez@mail.com,3190860998,3604047551,Inactivo,1,294,True,329,7,False,294,22:00:34,00:00:34,En espera,2025-11-25,Observación ejemplo,Efectivo,301299.32,DEF302,Carro,False,True,294,99,True,True,294,False,2025-12-27,22:00:34,True,294,Recibo,Descripción ejemplo,2025-10-28 22:00:34.065938,294,18,242,Paquete ejemplo,2025-11-15 22:00:34.065940,2025-11-16 22:00:34.065940,294,Novedad ejemplo,2025-11-13 22:00:34.065943,Obs extra 1,Obs extra 2
295,María,García,CC,8510923,maría.garcía@mail.com,3624188249,3221171300,Activo,2,295,False,417,3,False,295,22:00:34,00:00:34,Rechazada,2025-11-30,Observación ejemplo,Transferencia,122137.33,XYZ694,Carro,False,False,295,63,True,False,295,False,2025-12-04,22:00:34,False,295,Recibo,Descripción ejemplo,2025-11-13 22:00:34.065992,295,11,128,Paquete ejemplo,2025-11-15 22:00:34.065994,2025-11-18 22:00:34.065994,295,Novedad ejemplo,2025-11-15 22:00:34.065998,Obs extra 1,Obs extra 2
296,Juan,García,CC,6526590,juan.garcía@mail.com,3518694041,3303863523,Inactivo,3,296,False,170,10,False,296,22:00:34,00:00:34,En espera,2025-12-15,Observación ejemplo,Efectivo,201092.4,GHI659,Carro,False,False,296,86,True,False,296,,2026-01-14,22:00:34,False,296,Recibo,Descripción ejemplo,2025-11-16 22:00:34.066028,296,17,227,Paquete ejemplo,2025-11-13 22:00:34.066030,2025-11-14 22:00:34.066030,296,Novedad ejemplo,2025-11-19 22:00:34.066033,Obs extra 1,Obs extra 2
297,Valentina,García,CC,7690273,valentina.garcía@mail.com,3163003708,3167414903,Activo,2,297,False,498,18,False,297,22:00:34,00:00:34,En espera,2025-12-06,Observación ejemplo,Efectivo,86270.41,GHI548,Moto,False,False,297,48,False,True,297,,2025-12-09,22:00:34,False,297,Recibo,Descripción ejemplo,2025-11-15 22:00:34.066063,297,20,305,Paquete ejemplo,2025-11-11 22:00:34.066065,2025-11-15 22:00:34.066065,297,Novedad ejemplo,2025-11-11 22:00:34.066068,Obs extra 1,Obs extra 2
298,Laura,Ramírez,TI,9639228,laura.ramírez@mail.com,3231305113,3953225548,Activo,3,298,False,394,20,False,298,22:00:34,00:00:34,En espera,2025-12-02,Observación ejemplo,Transferencia,459004.06,XYZ874,Carro,True,True,298,4,False,False,298,True,2025-12-16,22:00:34,False,298,Recibo,Descripción ejemplo,2025-11-01 22:00:34.066097,298,2,190,Paquete ejemplo,2025-11-19 22:00:34.066099,2025-11-20 22:00:34.066099,298,Novedad ejemplo,2025-11-20 22:00:34.066102,Obs extra 1,Obs extra 2
299,Laura,Rodríguez,TI,2033732,laura.rodríguez@mail.com,3541165580,3699782336,Inactivo,1,299,False,493,8,False,299,22:00:34,00:00:34,Rechazada,2025-12-20,Observación ejemplo,Efectivo,480008.04,GHI692,Moto,True,False,299,27,True,True,299,,2026-01-10,22:00:34,True,299,Recibo,Descripción ejemplo,2025-11-15 22:00:34.066150,299,13,306,Paquete ejemplo,2025-11-18 22:00:34.066151,2025-11-23 22:00:34.066151,299,Novedad ejemplo,2025-11-19 22:00:34.066155,Obs extra 1,Obs extra 2
300,Juan,Rodríguez,CC,5420892,juan.rodríguez@mail.com,3736370925,3712277448,Inactivo,2,300,False,445,17,True,300,22:00:34,00:00:34,Aprobada,2025-12-03,Observación ejemplo,Efectivo,489285.45,DEF917,Carro,True,False,300,100,True,False,300,False,2025-12-21,22:00:34,True,300,Recibo,Descripción ejemplo,2025-11-19 22:00:34.066184,300,9,291,Paquete ejemplo,2025-11-19 22:00:34.066186,2025-11-23 22:00:34.066186,300,Novedad ejemplo,2025-11-10 22:00:34.066189,Obs extra 1,Obs extra 2
301,Sofía,Torres,CC,3857633,sofía.torres@mail.com,3241971462,3581810758,Activo,1,301,True,466,3,False,301,22:00:34,00:00:34,En espera,2025-12-03,Observación ejemplo,Efectivo,143696.48,XYZ580,Moto,False,True,301,14,True,False,301,,2025-11-27,22:00:34,False,301,Recibo,Descripción ejemplo,2025-10-31 22:00:34.066245,301,6,486,Paquete ejemplo,2025-11-12 22:00:34.066248,2025-11-14 22:00:34.066248,301,Novedad ejemplo,2025-11-16 22:00:34.066253,Obs extra 1,Obs extra 2
302,Diego,Pérez,CE,4821876,diego.pérez@mail.com,3246898163,3824000997,Activo,1,302,True,322,17,False,302,22:00:34,00:00:34,Aprobada,2025-11-23,Observación ejemplo,Efectivo,458630.24,ABC187,Moto,False,False,302,51,False,False,302,True,2026-01-09,22:00:34,False,302,Recibo,Descripción ejemplo,2025-11-02 22:00:34.066301,302,11,200,Paquete ejemplo,2025-11-11 22:00:34.066304,2025-11-16 22:00:34.066304,302,Novedad ejemplo,2025-11-07 22:00:34.066309,Obs extra 1,Obs extra 2
303,María,García,Pasaporte,7919684,maría.garcía@mail.com,3749088902,3974751836,Inactivo,1,303,True,499,19,False,303,22:00:34,00:00:34,Aprobada,2025-12-09,Observación ejemplo,Efectivo,435890.22,XYZ239,Moto,True,True,303,40,False,False,303,True,2025-12-30,22:00:34,False,303,Recibo,Descripción ejemplo,2025-10-23 22:00:34.066362,303,14,232,Paquete ejemplo,2025-11-18 22:00:34.066365,2025-11-23 22:00:34.066365,303,Novedad ejemplo,2025-11-05 22:00:34.066370,Obs extra 1,Obs extra 2
304,Ana,López,CE,3022212,ana.lópez@mail.com,3182385347,3814370338,Activo,1,304,True,205,3,True,304,22:00:34,00:00:34,Aprobada,2025-11-24,Observación ejemplo,Efectivo,131803.78,GHI391,Carro,True,True,304,8,False,False,304,False,2025-12-13,22:00:34,False,304,Recibo,Descripción ejemplo,2025-11-01 22:00:34.066421,304,12,435,Paquete ejemplo,2025-11-17 22:00:34.066424,2025-11-20 22:00:34.066424,304,Novedad ejemplo,2025-11-18 22:00:34.066429,Obs extra 1,Obs extra 2
305,María,García,TI,9444456,maría.garcía@mail.com,3660983405,3884956745,Activo,2,305,True,478,13,False,305,22:00:34,00:00:34,Aprobada,2025-12-13,Observación ejemplo,Transferencia,496139.54,GHI786,Carro,False,True,305,22,True,False,305,True,2025-12-23,22:00:34,False,305,Recibo,Descripción ejemplo,2025-10-23 22:00:34.066482,305,3,475,Paquete ejemplo,2025-11-12 22:00:34.066486,2025-11-17 22:00:34.066486,305,Novedad ejemplo,2025-11-15 22:00:34.066492,Obs extra 1,Obs extra 2
306,Carlos,García,CC,5838639,carlos.garcía@mail.com,3894064593,3893850067,Activo,2,306,False,148,20,True,306,22:00:34,00:00:34,Aprobada,2025-12-02,Observación ejemplo,Transferencia,337014.99,GHI517,Moto,True,False,306,75,True,True,306,True,2025-12-25,22:00:34,False,306,Recibo,Descripción ejemplo,2025-10-27 22:00:34.066548,306,3,195,Paquete ejemplo,2025-11-13 22:00:34.066551,2025-11-14 22:00:34.066551,306,Novedad ejemplo,2025-11-13 22:00:34.066557,Obs extra 1,Obs extra 2
307,Ana,Torres,Pasaporte,9573771,ana.torres@mail.com,3932959236,3778737049,Inactivo,3,307,False,222,5,True,307,22:00:34,00:00:34,Rechazada,2025-12-14,Observación ejemplo,Transferencia,159431.99,XYZ307,Carro,False,False,307,60,True,True,307,True,2025-12-23,22:00:34,False,307,Recibo,Descripción ejemplo,2025-10-27 22:00:34.066612,307,1,499,Paquete ejemplo,2025-11-12 22:00:34.066615,2025-11-17 22:00:34.066615,307,Novedad ejemplo,2025-11-10 22:00:34.066621,Obs extra 1,Obs extra 2
308,Ana,Vargas,CE,6460453,ana.vargas@mail.com,3300579484,3502575904,Inactivo,1,308,True,364,8,False,308,22:00:34,00:00:34,Rechazada,2025-11-24,Observación ejemplo,Efectivo,272245.79,GHI918,Carro,False,False,308,84,False,True,308,True,2025-12-13,22:00:34,True,308,Recibo,Descripción ejemplo,2025-11-05 22:00:34.066674,308,19,377,Paquete ejemplo,2025-11-16 22:00:34.066678,2025-11-18 22:00:34.066678,308,Novedad ejemplo,2025-11-13 22:00:34.066684,Obs extra 1,Obs extra 2
309,Sofía,Vargas,CE,8859914,sofía.vargas@mail.com,3526366533,3997382205,Activo,1,309,False,152,14,False,309,22:00:34,00:00:34,En espera,2025-12-13,Observación ejemplo,Transferencia,140987.87,GHI218,Carro,False,True,309,36,True,True,309,False,2026-01-19,22:00:34,True,309,Recibo,Descripción ejemplo,2025-10-25 22:00:34.066729,309,11,252,Paquete ejemplo,2025-11-13 22:00:34.066731,2025-11-15 22:00:34.066731,309,Novedad ejemplo,2025-11-08 22:00:34.066734,Obs extra 1,Obs extra 2
310,Ana,Hernández,CE,1879365,ana.hernández@mail.com,3744189031,3946311823,Inactivo,1,310,False,309,6,True,310,22:00:34,00:00:34,Rechazada,2025-12-16,Observación ejemplo,Transferencia,127711.46,DEF625,Moto,True,False,310,97,True,False,310,False,2025-12-25,22:00:34,True,310,Recibo,Descripción ejemplo,2025-11-15 22:00:34.066797,310,1,216,Paquete ejemplo,2025-11-13 22:00:34.066799,2025-11-18 22:00:34.066799,310,Novedad ejemplo,2025-11-11 22:00:34.066802,Obs extra 1,Obs extra 2
311,Luis,García,CC,8347013,luis.garcía@mail.com,3858098917,3337240512,Inactivo,3,311,True,163,5,False,311,22:00:34,00:00:34,Aprobada,2025-11-22,Observación ejemplo,Transferencia,76133.2,XYZ292,Carro,True,True,311,91,False,False,311,False,2025-12-27,22:00:34,False,311,Recibo,Descripción ejemplo,2025-11-12 22:00:34.066834,311,7,235,Paquete ejemplo,2025-11-13 22:00:34.066836,2025-11-14 22:00:34.066836,311,Novedad ejemplo,2025-11-10 22:00:34.066839,Obs extra 1,Obs extra 2
312,Valentina,Martínez,TI,9101819,valentina.martínez@mail.com,3526618470,3121450114,Activo,1,312,True,497,15,True,312,22:00:34,00:00:34,En espera,2025-12-09,Observación ejemplo,Efectivo,360757.33,GHI739,Carro,True,False,312,19,False,True,312,True,2026-01-18,22:00:34,True,312,Recibo,Descripción ejemplo,2025-10-29 22:00:34.066870,312,19,161,Paquete ejemplo,2025-11-19 22:00:34.066872,2025-11-21 22:00:34.066872,312,Novedad ejemplo,2025-11-05 22:00:34.066875,Obs extra 1,Obs extra 2
313,Carlos,García,Pasaporte,7112097,carlos.garcía@mail.com,3857386857,3470352827,Inactivo,2,313,False,353,4,True,313,22:00:34,00:00:34,En espera,2025-11-29,Observación ejemplo,Efectivo,182132.28,GHI230,Carro,False,True,313,71,False,True,313,True,2026-01-18,22:00:34,False,313,Recibo,Descripción ejemplo,2025-10-31 22:00:34.066940,313,13,119,Paquete ejemplo,2025-11-17 22:00:34.066944,2025-11-18 22:00:34.066944,313,Novedad ejemplo,2025-11-08 22:00:34.066950,Obs extra 1,Obs extra 2
314,María,Rodríguez,Pasaporte,4262200,maría.rodríguez@mail.com,3994135312,3962804228,Activo,1,314,True,417,3,True,314,22:00:34,00:00:34,En espera,2025-12-15,Observación ejemplo,Efectivo,109993.79,DEF570,Carro,False,False,314,63,True,False,314,False,2025-12-08,22:00:34,True,314,Recibo,Descripción ejemplo,2025-10-26 22:00:34.066990,314,10,355,Paquete ejemplo,2025-11-12 22:00:34.066991,2025-11-17 22:00:34.066991,314,Novedad ejemplo,2025-11-10 22:00:34.066995,Obs extra 1,Obs extra 2
315,Juan,Vargas,TI,6190576,juan.vargas@mail.com,3100753909,3256469853,Inactivo,3,315,True,488,4,False,315,22:00:34,00:00:34,En espera,2025-12-18,Observación ejemplo,Transferencia,196173.64,XYZ715,Carro,False,False,315,98,True,True,315,True,2025-12-18,22:00:34,True,315,Recibo,Descripción ejemplo,2025-10-21 22:00:34.067024,315,1,235,Paquete ejemplo,2025-11-11 22:00:34.067026,2025-11-14 22:00:34.067026,315,Novedad ejemplo,2025-11-13 22:00:34.067029,Obs extra 1,Obs extra 2
316,Pedro,Hernández,Pasaporte,1773585,pedro.hernández@mail.com,3108885349,3973274249,Activo,1,316,False,338,13,False,316,22:00:34,00:00:34,Rechazada,2025-12-09,Observación ejemplo,Transferencia,147483.7,DEF610,Carro,True,False,316,23,True,True,316,False,2026-01-10,22:00:34,True,316,Recibo,Descripción ejemplo,2025-10-24 22:00:34.067059,316,20,145,Paquete ejemplo,2025-11-15 22:00:34.067061,2025-11-20 22:00:34.067061,316,Novedad ejemplo,2025-11-18 22:00:34.067064,Obs extra 1,Obs extra 2
317,Luis,García,Pasaporte,2427309,luis.garcía@mail.com,3917561048,3705739842,Activo,2,317,True,157,9,False,317,22:00:34,00:00:34,Aprobada,2025-12-13,Observación ejemplo,Transferencia,54405.27,DEF162,Carro,True,True,317,50,True,True,317,True,2026-01-05,22:00:34,False,317,Recibo,Descripción ejemplo,2025-10-24 22:00:34.067094,317,10,246,Paquete ejemplo,2025-11-18 22:00:34.067096,2025-11-20 22:00:34.067096,317,Novedad ejemplo,2025-11-19 22:00:34.067101,Obs extra 1,Obs extra 2
318,Sofía,Pérez,CE,4139886,sofía.pérez@mail.com,3987941033,3166691186,Inactivo,1,318,True,105,15,True,318,22:00:34,00:00:34,Aprobada,2025-12-05,Observación ejemplo,Efectivo,112415.28,ABC461,Moto,True,True,318,31,True,True,318,False,2025-12-31,22:00:34,False,318,Recibo,Descripción ejemplo,2025-10-31 22:00:34.067131,318,18,166,Paquete ejemplo,2025-11-10 22:00:34.067133,2025-11-11 22:00:34.067133,318,Novedad ejemplo,2025-11-08 22:00:34.067136,Obs extra 1,Obs extra 2
319,María,Hernández,Pasaporte,6118661,maría.hernández@mail.com,3871749619,3491771747,Inactivo,3,319,True,415,13,True,319,22:00:34,00:00:34,Aprobada,2025-12-15,Observación ejemplo,Efectivo,382974.7,ABC601,Carro,True,True,319,58,True,False,319,,2025-11-29,22:00:34,True,319,Recibo,Descripción ejemplo,2025-11-18 22:00:34.067165,319,3,349,Paquete ejemplo,2025-11-18 22:00:34.067167,2025-11-23 22:00:34.067167,319,Novedad ejemplo,2025-11-12 22:00:34.067170,Obs extra 1,Obs extra 2
320,Valentina,Pérez,TI,9620750,valentina.pérez@mail.com,3293919836,3410501824,Inactivo,3,320,False,400,1,True,320,22:00:34,00:00:34,En espera,2025-12-12,Observación ejemplo,Efectivo,381119.28,ABC572,Moto,True,True,320,92,True,False,320,False,2025-12-08,22:00:34,True,320,Recibo,Descripción ejemplo,2025-11-07 22:00:34.067211,320,2,159,Paquete ejemplo,2025-11-14 22:00:34.067213,2025-11-18 22:00:34.067213,320,Novedad ejemplo,2025-11-14 22:00:34.067216,Obs extra 1,Obs extra 2
321,Valentina,Pérez,CC,1665121,valentina.pérez@mail.com,3694381251,3817518056,Inactivo,1,321,False,369,10,True,321,22:00:34,00:00:34,Aprobada,2025-12-20,Observación ejemplo,Efectivo,424074.37,DEF962,Moto,True,False,321,21,False,False,321,,2025-11-22,22:00:34,False,321,Recibo,Descripción ejemplo,2025-11-02 22:00:34.067248,321,15,340,Paquete ejemplo,2025-11-11 22:00:34.067250,2025-11-15 22:00:34.067250,321,Novedad ejemplo,2025-11-11 22:00:34.067253,Obs extra 1,Obs extra 2
322,María,Ramírez,Pasaporte,9993955,maría.ramírez@mail.com,3673395918,3997320631,Inactivo,2,322,True,475,11,True,322,22:00:34,00:00:34,En espera,2025-12-15,Observación ejemplo,Transferencia,323800.9,GHI383,Moto,True,True,322,6,False,False,322,,2025-12-01,22:00:34,True,322,Recibo,Descripción ejemplo,2025-11-02 22:00:34.067282,322,4,304,Paquete ejemplo,2025-11-17 22:00:34.067284,2025-11-22 22:00:34.067284,322,Novedad ejemplo,2025-11-11 22:00:34.067288,Obs extra 1,Obs extra 2
323,Juan,Ramírez,CE,4521869,juan.ramírez@mail.com,3873010128,3389380049,Inactivo,1,323,False,492,13,False,323,22:00:34,00:00:34,Aprobada,2025-12-10,Observación ejemplo,Efectivo,62524.11,ABC840,Carro,False,True,323,52,False,False,323,,2025-12-25,22:00:34,False,323,Recibo,Descripción ejemplo,2025-10-25 22:00:34.067319,323,4,101,Paquete ejemplo,2025-11-19 22:00:34.067320,2025-11-20 22:00:34.067320,323,Novedad ejemplo,2025-11-09 22:00:34.067324,Obs extra 1,Obs extra 2
324,Diego,Rodríguez,TI,1088411,diego.rodríguez@mail.com,3228156388,3205104156,Activo,3,324,True,324,6,True,324,22:00:34,00:00:34,En espera,2025-12-03,Observación ejemplo,Transferencia,383803.48,GHI695,Moto,True,False,324,62,True,False,324,True,2025-12-30,22:00:34,True,324,Recibo,Descripción ejemplo,2025-11-03 22:00:34.067355,324,19,144,Paquete ejemplo,2025-11-11 22:00:34.067357,2025-11-12 22:00:34.067357,324,Novedad ejemplo,2025-11-16 22:00:34.067360,Obs extra 1,Obs extra 2
325,Pedro,Pérez,CE,4394015,pedro.pérez@mail.com,3395418778,3626524337,Inactivo,3,325,True,222,8,False,325,22:00:34,00:00:34,Aprobada,2025-12-19,Observación ejemplo,Transferencia,468126.15,ABC344,Moto,True,False,325,60,False,True,325,False,2026-01-03,22:00:34,False,325,Recibo,Descripción ejemplo,2025-10-29 22:00:34.067390,325,6,441,Paquete ejemplo,2025-11-19 22:00:34.067391,2025-11-24 22:00:34.067391,325,Novedad ejemplo,2025-11-15 22:00:34.067395,Obs extra 1,Obs extra 2
326,Carlos,García,TI,5203929,carlos.garcía@mail.com,3930510840,3897326287,Activo,1,326,False,344,3,False,326,22:00:34,00:00:34,Rechazada,2025-12-05,Observación ejemplo,Transferencia,464660.14,XYZ873,Moto,False,True,326,38,False,True,326,False,2025-12-19,22:00:34,False,326,Recibo,Descripción ejemplo,2025-10-21 22:00:34.067423,326,12,119,Paquete ejemplo,2025-11-15 22:00:34.067425,2025-11-17 22:00:34.067425,326,Novedad ejemplo,2025-11-16 22:00:34.067428,Obs extra 1,Obs extra 2
327,Sofía,Torres,Pasaporte,6838392,sofía.torres@mail.com,3614821696,3327533774,Inactivo,1,327,False,385,17,True,327,22:00:34,00:00:34,En espera,2025-12-19,Observación ejemplo,Efectivo,375873.01,ABC943,Moto,True,True,327,92,False,False,327,,2025-11-21,22:00:34,True,327,Recibo,Descripción ejemplo,2025-10-27 22:00:34.067457,327,5,266,Paquete ejemplo,2025-11-17 22:00:34.067459,2025-11-21 22:00:34.067459,327,Novedad ejemplo,2025-11-09 22:00:34.067462,Obs extra 1,Obs extra 2
328,Pedro,Hernández,CE,9570851,pedro.hernández@mail.com,3499550518,3389537611,Activo,1,328,False,418,7,False,328,22:00:34,00:00:34,Rechazada,2025-11-21,Observación ejemplo,Efectivo,235930.47,XYZ932,Carro,True,False,328,69,True,True,328,,2025-12-29,22:00:34,False,328,Recibo,Descripción ejemplo,2025-11-15 22:00:34.067491,328,6,189,Paquete ejemplo,2025-11-17 22:00:34.067493,2025-11-20 22:00:34.067493,328,Novedad ejemplo,2025-11-07 22:00:34.067496,Obs extra 1,Obs extra 2
329,Laura,Vargas,Pasaporte,7855596,laura.vargas@mail.com,3714748724,3474192717,Inactivo,2,329,False,314,16,False,329,22:00:34,00:00:34,Aprobada,2025-11-27,Observación ejemplo,Efectivo,57329.1,GHI490,Moto,False,False,329,61,True,False,329,False,2026-01-12,22:00:34,True,329,Recibo,Descripción ejemplo,2025-10-22 22:00:34.067525,329,19,356,Paquete ejemplo,2025-11-16 22:00:34.067527,2025-11-18 22:00:34.067527,329,Novedad ejemplo,2025-11-08 22:00:34.067530,Obs extra 1,Obs extra 2
330,María,López,Pasaporte,5757310,maría.lópez@mail.com,3114090099,3199909514,Inactivo,2,330,True,485,2,False,330,22:00:34,00:00:34,Aprobada,2025-12-07,Observación ejemplo,Transferencia,225380.04,GHI673,Moto,True,True,330,7,True,True,330,True,2025-12-09,22:00:34,True,330,Recibo,Descripción ejemplo,2025-11-02 22:00:34.067565,330,13,253,Paquete ejemplo,2025-11-19 22:00:34.067567,2025-11-23 22:00:34.067567,330,Novedad ejemplo,2025-11-09 22:00:34.067570,Obs extra 1,Obs extra 2
331,Ana,Hernández,CC,3262630,ana.hernández@mail.com,3379979114,3732189321,Activo,1,331,False,126,5,True,331,22:00:34,00:00:34,Rechazada,2025-12-12,Observación ejemplo,Efectivo,304950.18,ABC701,Moto,True,False,331,28,True,False,331,False,2025-12-16,22:00:34,False,331,Recibo,Descripción ejemplo,2025-11-07 22:00:34.067612,331,15,294,Paquete ejemplo,2025-11-14 22:00:34.067614,2025-11-16 22:00:34.067614,331,Novedad ejemplo,2025-11-16 22:00:34.067622,Obs extra 1,Obs extra 2
332,Valentina,López,CE,9144544,valentina.lópez@mail.com,3715353567,3745387074,Activo,3,332,True,426,5,False,332,22:00:34,00:00:34,En espera,2025-12-09,Observación ejemplo,Efectivo,204721.18,ABC627,Carro,True,False,332,70,False,True,332,,2025-12-14,22:00:34,False,332,Recibo,Descripción ejemplo,2025-10-31 22:00:34.067652,332,7,133,Paquete ejemplo,2025-11-13 22:00:34.067653,2025-11-16 22:00:34.067653,332,Novedad ejemplo,2025-11-09 22:00:34.067657,Obs extra 1,Obs extra 2
333,Ana,Hernández,CE,2247674,ana.hernández@mail.com,3743257110,3828936019,Inactivo,2,333,False,391,4,True,333,22:00:34,00:00:34,Aprobada,2025-12-04,Observación ejemplo,Efectivo,208867.82,DEF356,Moto,True,False,333,98,False,False,333,,2026-01-10,22:00:34,True,333,Recibo,Descripción ejemplo,2025-10-28 22:00:34.067727,333,15,189,Paquete ejemplo,2025-11-17 22:00:34.067731,2025-11-18 22:00:34.067731,333,Novedad ejemplo,2025-11-18 22:00:34.067737,Obs extra 1,Obs extra 2
334,Luis,Hernández,TI,2370267,luis.hernández@mail.com,3513377206,3468353444,Activo,1,334,False,374,18,True,334,22:00:34,00:00:34,Aprobada,2025-11-28,Observación ejemplo,Transferencia,243260.71,DEF414,Carro,True,True,334,53,False,False,334,,2025-11-24,22:00:34,False,334,Recibo,Descripción ejemplo,2025-11-18 22:00:34.067773,334,11,458,Paquete ejemplo,2025-11-13 22:00:34.067775,2025-11-15 22:00:34.067775,334,Novedad ejemplo,2025-11-11 22:00:34.067778,Obs extra 1,Obs extra 2
335,Luis,Martínez,CC,9464048,luis.martínez@mail.com,3651624965,3853842013,Activo,3,335,False,383,19,False,335,22:00:34,00:00:34,Aprobada,2025-12-01,Observación ejemplo,Transferencia,147396.67,DEF875,Moto,False,True,335,13,True,False,335,False,2025-12-22,22:00:34,True,335,Recibo,Descripción ejemplo,2025-11-16 22:00:34.067812,335,16,139,Paquete ejemplo,2025-11-19 22:00:34.067814,2025-11-24 22:00:34.067814,335,Novedad ejemplo,2025-11-15 22:00:34.067817,Obs extra 1,Obs extra 2
336,María,Rodríguez,TI,4146395,maría.rodríguez@mail.com,3711008062,3895047927,Activo,3,336,False,293,12,False,336,22:00:34,00:00:34,Rechazada,2025-12-09,Observación ejemplo,Efectivo,81978.0,DEF428,Moto,False,False,336,35,False,False,336,False,2026-01-03,22:00:34,False,336,Recibo,Descripción ejemplo,2025-11-09 22:00:34.067845,336,8,124,Paquete ejemplo,2025-11-11 22:00:34.067847,2025-11-13 22:00:34.067847,336,Novedad ejemplo,2025-11-20 22:00:34.067850,Obs extra 1,Obs extra 2
337,Sofía,Gómez,CE,9342089,sofía.gómez@mail.com,3567949493,3794931181,Inactivo,2,337,True,174,9,True,337,22:00:34,00:00:34,Rechazada,2025-12-12,Observación ejemplo,Efectivo,416894.17,ABC291,Moto,True,False,337,37,False,True,337,,2026-01-15,22:00:34,True,337,Recibo,Descripción ejemplo,2025-10-26 22:00:34.067879,337,12,457,Paquete ejemplo,2025-11-15 22:00:34.067881,2025-11-18 22:00:34.067881,337,Novedad ejemplo,2025-11-11 22:00:34.067884,Obs extra 1,Obs extra 2
338,Valentina,Pérez,TI,1907612,valentina.pérez@mail.com,3704688307,3414290600,Inactivo,1,338,True,322,17,True,338,22:00:34,00:00:34,Aprobada,2025-12-09,Observación ejemplo,Efectivo,247451.22,XYZ446,Moto,False,True,338,3,False,False,338,True,2026-01-17,22:00:34,False,338,Recibo,Descripción ejemplo,2025-11-03 22:00:34.067913,338,4,427,Paquete ejemplo,2025-11-11 22:00:34.067915,2025-11-16 22:00:34.067915,338,Novedad ejemplo,2025-11-12 22:00:34.067918,Obs extra 1,Obs extra 2
339,Sofía,López,TI,6297399,sofía.lópez@mail.com,3223541230,3538311062,Inactivo,3,339,False,240,12,True,339,22:00:34,00:00:34,Rechazada,2025-11-28,Observación ejemplo,Transferencia,101631.15,ABC333,Carro,False,False,339,12,False,True,339,,2026-01-12,22:00:34,True,339,Recibo,Descripción ejemplo,2025-11-17 22:00:34.067971,339,17,491,Paquete ejemplo,2025-11-17 22:00:34.067975,2025-11-18 22:00:34.067975,339,Novedad ejemplo,2025-11-20 22:00:34.067981,Obs extra 1,Obs extra 2
340,María,Ramírez,CC,8498613,maría.ramírez@mail.com,3805657435,3140841959,Activo,3,340,True,229,1,False,340,22:00:34,00:00:34,Aprobada,2025-12-07,Observación ejemplo,Efectivo,96165.68,XYZ681,Carro,True,False,340,20,True,True,340,False,2025-12-19,22:00:34,True,340,Recibo,Descripción ejemplo,2025-10-21 22:00:34.068057,340,11,150,Paquete ejemplo,2025-11-16 22:00:34.068060,2025-11-21 22:00:34.068060,340,Novedad ejemplo,2025-11-16 22:00:34.068070,Obs extra 1,Obs extra 2
341,Carlos,Hernández,Pasaporte,9624267,carlos.hernández@mail.com,3118320749,3345598578,Activo,1,341,False,274,13,False,341,22:00:34,00:00:34,En espera,2025-11-22,Observación ejemplo,Efectivo,485281.3,GHI350,Moto,True,True,341,32,True,True,341,True,2025-11-30,22:00:34,True,341,Recibo,Descripción ejemplo,2025-10-31 22:00:34.068113,341,15,441,Paquete ejemplo,2025-11-15 22:00:34.068115,2025-11-18 22:00:34.068115,341,Novedad ejemplo,2025-11-18 22:00:34.068118,Obs extra 1,Obs extra 2
342,Pedro,Martínez,Pasaporte,5103108,pedro.martínez@mail.com,3501374015,3516882551,Inactivo,3,342,False,413,14,False,342,22:00:34,00:00:34,Rechazada,2025-12-04,Observación ejemplo,Efectivo,339760.92,XYZ730,Moto,False,False,342,60,False,True,342,False,2025-12-06,22:00:34,False,342,Recibo,Descripción ejemplo,2025-11-17 22:00:34.068148,342,20,375,Paquete ejemplo,2025-11-15 22:00:34.068150,2025-11-16 22:00:34.068150,342,Novedad ejemplo,2025-11-20 22:00:34.068154,Obs extra 1,Obs extra 2
343,Laura,García,Pasaporte,2664412,laura.garcía@mail.com,3466037479,3438026475,Activo,3,343,False,211,5,True,343,22:00:34,00:00:34,Rechazada,2025-12-05,Observación ejemplo,Transferencia,362925.27,DEF576,Moto,True,False,343,36,True,True,343,,2025-11-28,22:00:34,True,343,Recibo,Descripción ejemplo,2025-11-03 22:00:34.068183,343,9,321,Paquete ejemplo,2025-11-12 22:00:34.068185,2025-11-14 22:00:34.068185,343,Novedad ejemplo,2025-11-18 22:00:34.068188,Obs extra 1,Obs extra 2
344,Pedro,Rodríguez,TI,1110699,pedro.rodríguez@mail.com,3794366970,3919392824,Inactivo,2,344,False,313,6,True,344,22:00:34,00:00:34,Aprobada,2025-12-14,Observación ejemplo,Transferencia,366930.26,DEF582,Carro,True,False,344,63,True,False,344,True,2025-12-18,22:00:34,False,344,Recibo,Descripción ejemplo,2025-11-19 22:00:34.068217,344,1,412,Paquete ejemplo,2025-11-14 22:00:34.068219,2025-11-19 22:00:34.068219,344,Novedad ejemplo,2025-11-17 22:00:34.068222,Obs extra 1,Obs extra 2
345,Sofía,Rodríguez,Pasaporte,3058766,sofía.rodríguez@mail.com,3956710797,3194680285,Activo,1,345,True,310,7,True,345,22:00:34,00:00:34,Rechazada,2025-12-20,Observación ejemplo,Efectivo,369652.58,DEF380,Moto,True,False,345,11,False,True,345,True,2025-12-26,22:00:34,False,345,Recibo,Descripción ejemplo,2025-10-31 22:00:34.068253,345,2,140,Paquete ejemplo,2025-11-12 22:00:34.068255,2025-11-17 22:00:34.068255,345,Novedad ejemplo,2025-11-13 22:00:34.068258,Obs extra 1,Obs extra 2
346,Laura,García,CC,1520110,laura.garcía@mail.com,3388820799,3264503307,Activo,3,346,False,292,4,False,346,22:00:34,00:00:34,Aprobada,2025-12-14,Observación ejemplo,Efectivo,453480.61,DEF129,Moto,False,True,346,60,True,False,346,,2025-12-11,22:00:34,True,346,Recibo,Descripción ejemplo,2025-11-13 22:00:34.068290,346,6,263,Paquete ejemplo,2025-11-11 22:00:34.068292,2025-11-13 22:00:34.068292,346,Novedad ejemplo,2025-11-06 22:00:34.068296,Obs extra 1,Obs extra 2
347,Pedro,Pérez,CE,2510737,pedro.pérez@mail.com,3935188102,3628253845,Activo,1,347,False,195,20,False,347,22:00:34,00:00:34,En espera,2025-11-29,Observación ejemplo,Efectivo,102638.74,XYZ477,Moto,True,True,347,60,True,True,347,False,2025-12-30,22:00:34,True,347,Recibo,Descripción ejemplo,2025-11-18 22:00:34.068325,347,12,335,Paquete ejemplo,2025-11-17 22:00:34.068326,2025-11-19 22:00:34.068326,347,Novedad ejemplo,2025-11-17 22:00:34.068335,Obs extra 1,Obs extra 2
348,Ana,Torres,CC,6032027,ana.torres@mail.com,3289915943,3884383345,Inactivo,1,348,False,340,17,False,348,22:00:34,00:00:34,En espera,2025-11-24,Observación ejemplo,Efectivo,165789.47,GHI902,Moto,False,True,348,36,True,True,348,True,2026-01-15,22:00:34,False,348,Recibo,Descripción ejemplo,2025-11-13 22:00:34.068405,348,2,490,Paquete ejemplo,2025-11-11 22:00:34.068407,2025-11-16 22:00:34.068407,348,Novedad ejemplo,2025-11-16 22:00:34.068410,Obs extra 1,Obs extra 2
349,Pedro,Gómez,CE,5100635,pedro.gómez@mail.com,3201842883,3240822839,Activo,3,349,True,317,17,True,349,22:00:34,00:00:34,Rechazada,2025-11-26,Observación ejemplo,Efectivo,69711.29,ABC459,Moto,False,False,349,34,False,True,349,False,2026-01-18,22:00:34,True,349,Recibo,Descripción ejemplo,2025-11-06 22:00:34.068449,349,7,137,Paquete ejemplo,2025-11-10 22:00:34.068451,2025-11-11 22:00:34.068451,349,Novedad ejemplo,2025-11-10 22:00:34.068455,Obs extra 1,Obs extra 2
350,María,Ramírez,TI,6433347,maría.ramírez@mail.com,3136963281,3874157785,Activo,2,350,False,453,14,False,350,22:00:34,00:00:34,Rechazada,2025-12-04,Observación ejemplo,Transferencia,491083.26,XYZ322,Moto,True,False,350,23,False,False,350,,2025-12-09,22:00:34,False,350,Recibo,Descripción ejemplo,2025-11-14 22:00:34.068484,350,7,467,Paquete ejemplo,2025-11-14 22:00:34.068486,2025-11-17 22:00:34.068486,350,Novedad ejemplo,2025-11-07 22:00:34.068489,Obs extra 1,Obs extra 2
351,Ana,Ramírez,Pasaporte,6213173,ana.ramírez@mail.com,3457801553,3495403705,Inactivo,1,351,True,446,13,False,351,22:00:34,00:00:34,Rechazada,2025-12-04,Observación ejemplo,Transferencia,331548.22,ABC159,Moto,False,False,351,40,True,True,351,,2025-12-22,22:00:34,True,351,Recibo,Descripción ejemplo,2025-11-15 22:00:34.068542,351,1,105,Paquete ejemplo,2025-11-17 22:00:34.068548,2025-11-18 22:00:34.068548,351,Novedad ejemplo,2025-11-17 22:00:34.068552,Obs extra 1,Obs extra 2
352,Ana,Gómez,CE,2369295,ana.gómez@mail.com,3436273767,3547962497,Activo,2,352,True,248,5,False,352,22:00:34,00:00:34,Rechazada,2025-11-27,Observación ejemplo,Efectivo,420725.37,XYZ222,Moto,True,False,352,66,True,True,352,False,2025-12-29,22:00:34,False,352,Recibo,Descripción ejemplo,2025-10-28 22:00:34.068593,352,12,283,Paquete ejemplo,2025-11-13 22:00:34.068595,2025-11-18 22:00:34.068595,352,Novedad ejemplo,2025-11-18 22:00:34.068598,Obs extra 1,Obs extra 2
353,Pedro,López,CC,8292195,pedro.lópez@mail.com,3775787170,3707424594,Inactivo,1,353,True,462,15,True,353,22:00:34,00:00:34,Aprobada,2025-11-22,Observación ejemplo,Transferencia,96876.48,ABC159,Carro,False,True,353,67,False,False,353,,2026-01-16,22:00:34,True,353,Recibo,Descripción ejemplo,2025-11-13 22:00:34.068633,353,5,424,Paquete ejemplo,2025-11-11 22:00:34.068635,2025-11-16 22:00:34.068635,353,Novedad ejemplo,2025-11-15 22:00:34.068638,Obs extra 1,Obs extra 2
354,Laura,García,CE,6085400,laura.garcía@mail.com,3360173060,3430199844,Activo,2,354,False,139,1,False,354,22:00:34,00:00:34,En espera,2025-12-01,Observación ejemplo,Transferencia,260849.51,DEF922,Carro,True,False,354,65,True,False,354,,2026-01-09,22:00:34,False,354,Recibo,Descripción ejemplo,2025-11-16 22:00:34.068672,354,15,274,Paquete ejemplo,2025-11-11 22:00:34.068674,2025-11-14 22:00:34.068674,354,Novedad ejemplo,2025-11-18 22:00:34.068677,Obs extra 1,Obs extra 2
355,Valentina,Rodríguez,Pasaporte,4158747,valentina.rodríguez@mail.com,3659523217,3816555799,Inactivo,2,355,False,487,6,True,355,22:00:34,00:00:34,En espera,2025-12-18,Observación ejemplo,Efectivo,240769.55,DEF416,Moto,True,False,355,3,True,True,355,False,2026-01-19,22:00:34,True,355,Recibo,Descripción ejemplo,2025-10-23 22:00:34.068721,355,17,215,Paquete ejemplo,2025-11-19 22:00:34.068725,2025-11-22 22:00:34.068725,355,Novedad ejemplo,2025-11-10 22:00:34.068731,Obs extra 1,Obs extra 2
356,Ana,López,Pasaporte,3137733,ana.lópez@mail.com,3718670646,3631174022,Inactivo,3,356,False,313,7,False,356,22:00:34,00:00:34,Aprobada,2025-11-26,Observación ejemplo,Efectivo,489963.83,ABC751,Carro,True,True,356,96,True,True,356,False,2025-12-31,22:00:34,True,356,Recibo,Descripción ejemplo,2025-11-13 22:00:34.068790,356,3,332,Paquete ejemplo,2025-11-10 22:00:34.068794,2025-11-15 22:00:34.068794,356,Novedad ejemplo,2025-11-08 22:00:34.068801,Obs extra 1,Obs extra 2
357,Diego,Rodríguez,CE,2361795,diego.rodríguez@mail.com,3493414193,3452135869,Inactivo,2,357,False,214,2,False,357,22:00:34,00:00:34,Rechazada,2025-12-12,Observación ejemplo,Efectivo,240796.74,DEF871,Carro,True,False,357,17,True,False,357,True,2025-12-13,22:00:34,False,357,Recibo,Descripción ejemplo,2025-11-10 22:00:34.068849,357,7,148,Paquete ejemplo,2025-11-15 22:00:34.068851,2025-11-19 22:00:34.068851,357,Novedad ejemplo,2025-11-05 22:00:34.068854,Obs extra 1,Obs extra 2
358,María,Martínez,Pasaporte,7134647,maría.martínez@mail.com,3980672544,3517144833,Activo,3,358,True,347,9,False,358,22:00:34,00:00:34,Rechazada,2025-11-28,Observación ejemplo,Transferencia,255150.98,ABC810,Moto,False,False,358,43,True,True,358,False,2026-01-19,22:00:34,True,358,Recibo,Descripción ejemplo,2025-11-07 22:00:34.068902,358,10,357,Paquete ejemplo,2025-11-15 22:00:34.068903,2025-11-16 22:00:34.068903,358,Novedad ejemplo,2025-11-13 22:00:34.068907,Obs extra 1,Obs extra 2
359,María,Hernández,TI,4461021,maría.hernández@mail.com,3727104461,3985723766,Activo,1,359,False,433,13,True,359,22:00:34,00:00:34,Rechazada,2025-12-12,Observación ejemplo,Transferencia,337853.35,XYZ439,Carro,False,True,359,91,False,False,359,,2025-11-24,22:00:34,False,359,Recibo,Descripción ejemplo,2025-11-05 22:00:34.068936,359,4,419,Paquete ejemplo,2025-11-15 22:00:34.068938,2025-11-20 22:00:34.068938,359,Novedad ejemplo,2025-11-14 22:00:34.068942,Obs extra 1,Obs extra 2
360,Juan,Hernández,CC,2401219,juan.hernández@mail.com,3669109081,3836283683,Inactivo,1,360,False,368,11,False,360,22:00:34,00:00:34,En espera,2025-12-16,Observación ejemplo,Efectivo,334059.06,XYZ382,Carro,False,False,360,71,True,False,360,False,2025-12-13,22:00:34,True,360,Recibo,Descripción ejemplo,2025-11-16 22:00:34.068999,360,11,204,Paquete ejemplo,2025-11-16 22:00:34.069001,2025-11-20 22:00:34.069001,360,Novedad ejemplo,2025-11-08 22:00:34.069005,Obs extra 1,Obs extra 2
361,Ana,López,CC,8085192,ana.lópez@mail.com,3120013897,3199903538,Inactivo,1,361,True,124,6,True,361,22:00:34,00:00:34,Aprobada,2025-12-19,Observación ejemplo,Transferencia,126912.72,DEF932,Carro,False,False,361,45,False,True,361,,2025-11-21,22:00:34,True,361,Recibo,Descripción ejemplo,2025-10-25 22:00:34.069062,361,3,291,Paquete ejemplo,2025-11-13 22:00:34.069066,2025-11-17 22:00:34.069066,361,Novedad ejemplo,2025-11-09 22:00:34.069072,Obs extra 1,Obs extra 2
362,Juan,Torres,CE,5173441,juan.torres@mail.com,3654861883,3283632196,Activo,2,362,False,288,17,False,362,22:00:34,00:00:34,En espera,2025-12-05,Observación ejemplo,Efectivo,366606.36,GHI676,Moto,True,True,362,36,True,True,362,True,2026-01-10,22:00:34,False,362,Recibo,Descripción ejemplo,2025-10-26 22:00:34.069135,362,13,105,Paquete ejemplo,2025-11-13 22:00:34.069138,2025-11-17 22:00:34.069138,362,Novedad ejemplo,2025-11-17 22:00:34.069143,Obs extra 1,Obs extra 2
363,Ana,Martínez,CE,5514286,ana.martínez@mail.com,3303257507,3228359139,Activo,2,363,True,305,12,True,363,22:00:34,00:00:34,Aprobada,2025-12-07,Observación ejemplo,Transferencia,444749.04,DEF117,Moto,False,False,363,84,False,True,363,True,2025-12-14,22:00:34,False,363,Recibo,Descripción ejemplo,2025-11-13 22:00:34.069532,363,15,284,Paquete ejemplo,2025-11-18 22:00:34.069534,2025-11-19 22:00:34.069534,363,Novedad ejemplo,2025-11-19 22:00:34.069537,Obs extra 1,Obs extra 2
364,Valentina,García,CC,9485615,valentina.garcía@mail.com,3303063814,3336588660,Activo,3,364,False,313,16,True,364,22:00:34,00:00:34,En espera,2025-12-14,Observación ejemplo,Transferencia,158660.71,XYZ244,Moto,True,True,364,56,False,True,364,True,2025-12-04,22:00:34,False,364,Recibo,Descripción ejemplo,2025-11-17 22:00:34.069569,364,12,265,Paquete ejemplo,2025-11-13 22:00:34.069571,2025-11-14 22:00:34.069571,364,Novedad ejemplo,2025-11-20 22:00:34.069574,Obs extra 1,Obs extra 2
365,Juan,Pérez,CC,1682460,juan.pérez@mail.com,3529628292,3337577793,Inactivo,1,365,True,359,13,True,365,22:00:34,00:00:34,Aprobada,2025-12-03,Observación ejemplo,Transferencia,277295.55,XYZ469,Carro,False,False,365,96,False,False,365,True,2025-12-22,22:00:34,True,365,Recibo,Descripción ejemplo,2025-11-05 22:00:34.069639,365,18,178,Paquete ejemplo,2025-11-10 22:00:34.069641,2025-11-15 22:00:34.069641,365,Novedad ejemplo,2025-11-19 22:00:34.069644,Obs extra 1,Obs extra 2
366,Laura,Gómez,CE,8897194,laura.gómez@mail.com,3931514594,3598317905,Activo,1,366,True,492,14,False,366,22:00:34,00:00:34,Rechazada,2025-11-23,Observación ejemplo,Transferencia,407114.7,ABC818,Moto,True,True,366,19,False,False,366,,2026-01-12,22:00:34,False,366,Recibo,Descripción ejemplo,2025-10-22 22:00:34.069678,366,15,133,Paquete ejemplo,2025-11-19 22:00:34.069680,2025-11-23 22:00:34.069680,366,Novedad ejemplo,2025-11-17 22:00:34.069683,Obs extra 1,Obs extra 2
367,Carlos,Torres,Pasaporte,8335564,carlos.torres@mail.com,3449559823,3560952400,Inactivo,2,367,False,429,10,True,367,22:00:34,00:00:34,Aprobada,2025-12-15,Observación ejemplo,Transferencia,326888.17,DEF371,Moto,True,True,367,49,False,False,367,False,2025-12-19,22:00:34,True,367,Recibo,Descripción ejemplo,2025-11-08 22:00:34.069719,367,19,264,Paquete ejemplo,2025-11-18 22:00:34.069721,2025-11-23 22:00:34.069721,367,Novedad ejemplo,2025-11-07 22:00:34.069727,Obs extra 1,Obs extra 2
368,Pedro,Pérez,CE,6068116,pedro.pérez@mail.com,3452133823,3635619869,Activo,3,368,False,308,2,True,368,22:00:34,00:00:34,En espera,2025-12-09,Observación ejemplo,Transferencia,480688.3,DEF481,Moto,True,False,368,30,False,True,368,False,2026-01-02,22:00:34,True,368,Recibo,Descripción ejemplo,2025-11-08 22:00:34.069757,368,1,430,Paquete ejemplo,2025-11-18 22:00:34.069759,2025-11-20 22:00:34.069759,368,Novedad ejemplo,2025-11-12 22:00:34.069762,Obs extra 1,Obs extra 2
369,Carlos,Vargas,CE,7532988,carlos.vargas@mail.com,3576929507,3980358709,Inactivo,3,369,True,493,2,False,369,22:00:34,00:00:34,Rechazada,2025-12-11,Observación ejemplo,Transferencia,153452.41,GHI863,Moto,False,False,369,26,True,True,369,,2026-01-02,22:00:34,True,369,Recibo,Descripción ejemplo,2025-10-29 22:00:34.069809,369,12,300,Paquete ejemplo,2025-11-14 22:00:34.069813,2025-11-15 22:00:34.069813,369,Novedad ejemplo,2025-11-13 22:00:34.069818,Obs extra 1,Obs extra 2
370,María,Martínez,Pasaporte,7645378,maría.martínez@mail.com,3171180101,3525045466,Inactivo,2,370,True,467,18,True,370,22:00:34,00:00:34,Aprobada,2025-12-19,Observación ejemplo,Transferencia,395541.84,XYZ569,Carro,True,True,370,19,False,True,370,True,2025-12-03,22:00:34,False,370,Recibo,Descripción ejemplo,2025-10-28 22:00:34.069849,370,10,238,Paquete ejemplo,2025-11-18 22:00:34.069852,2025-11-19 22:00:34.069852,370,Novedad ejemplo,2025-11-14 22:00:34.069855,Obs extra 1,Obs extra 2
371,Juan,Ramírez,CE,4589569,juan.ramírez@mail.com,3230812127,3290641587,Inactivo,2,371,False,469,6,True,371,22:00:34,00:00:34,Rechazada,2025-11-30,Observación ejemplo,Transferencia,162835.86,ABC494,Moto,True,False,371,48,True,True,371,,2025-12-21,22:00:34,False,371,Recibo,Descripción ejemplo,2025-11-01 22:00:34.069884,371,9,125,Paquete ejemplo,2025-11-16 22:00:34.069886,2025-11-18 22:00:34.069886,371,Novedad ejemplo,2025-11-18 22:00:34.069889,Obs extra 1,Obs extra 2
372,María,Vargas,CC,2925077,maría.vargas@mail.com,3850150035,3371886448,Inactivo,1,372,True,180,2,False,372,22:00:34,00:00:34,Aprobada,2025-11-29,Observación ejemplo,Transferencia,332170.25,ABC129,Moto,False,True,372,46,False,True,372,True,2025-12-28,22:00:34,False,372,Recibo,Descripción ejemplo,2025-10-21 22:00:34.069917,372,1,164,Paquete ejemplo,2025-11-16 22:00:34.069919,2025-11-17 22:00:34.069919,372,Novedad ejemplo,2025-11-05 22:00:34.069922,Obs extra 1,Obs extra 2
373,Carlos,Ramírez,CC,9354594,carlos.ramírez@mail.com,3261417948,3139060992,Inactivo,1,373,True,124,7,False,373,22:00:34,00:00:34,Aprobada,2025-12-02,Observación ejemplo,Transferencia,202582.74,XYZ883,Carro,False,False,373,7,True,False,373,False,2025-12-26,22:00:34,True,373,Recibo,Descripción ejemplo,2025-11-09 22:00:34.069959,373,8,411,Paquete ejemplo,2025-11-16 22:00:34.069961,2025-11-19 22:00:34.069961,373,Novedad ejemplo,2025-11-05 22:00:34.069965,Obs extra 1,Obs extra 2
374,Sofía,Gómez,CE,4637460,sofía.gómez@mail.com,3291983246,3786568032,Inactivo,2,374,False,473,14,False,374,22:00:34,00:00:34,Aprobada,2025-11-30,Observación ejemplo,Efectivo,378964.17,ABC141,Moto,True,True,374,35,True,False,374,False,2026-01-16,22:00:34,True,374,Recibo,Descripción ejemplo,2025-10-27 22:00:34.070000,374,5,452,Paquete ejemplo,2025-11-10 22:00:34.070002,2025-11-11 22:00:34.070002,374,Novedad ejemplo,2025-11-17 22:00:34.070005,Obs extra 1,Obs extra 2
375,Sofía,López,TI,5173133,sofía.lópez@mail.com,3897778999,3894789006,Inactivo,3,375,False,335,17,True,375,22:00:34,00:00:34,En espera,2025-12-10,Observación ejemplo,Efectivo,119733.9,DEF757,Carro,True,True,375,96,False,False,375,,2025-12-30,22:00:34,False,375,Recibo,Descripción ejemplo,2025-10-22 22:00:34.070037,375,7,398,Paquete ejemplo,2025-11-19 22:00:34.070039,2025-11-24 22:00:34.070039,375,Novedad ejemplo,2025-11-06 22:00:34.070042,Obs extra 1,Obs extra 2
376,Luis,Hernández,TI,1436722,luis.hernández@mail.com,3903657424,3961639769,Activo,2,376,True,501,3,False,376,22:00:34,00:00:34,En espera,2025-12-11,Observación ejemplo,Efectivo,189616.74,DEF579,Moto,True,True,376,86,True,True,376,False,2026-01-16,22:00:34,True,376,Recibo,Descripción ejemplo,2025-11-15 22:00:34.070078,376,20,180,Paquete ejemplo,2025-11-14 22:00:34.070080,2025-11-17 22:00:34.070080,376,Novedad ejemplo,2025-11-20 22:00:34.070083,Obs extra 1,Obs extra 2
377,Luis,López,Pasaporte,8725667,luis.lópez@mail.com,3451609468,3336983427,Inactivo,1,377,True,240,14,False,377,22:00:34,00:00:34,En espera,2025-11-23,Observación ejemplo,Efectivo,358769.78,ABC923,Carro,False,True,377,71,True,False,377,False,2025-12-27,22:00:34,False,377,Recibo,Descripción ejemplo,2025-10-25 22:00:34.070128,377,19,345,Paquete ejemplo,2025-11-17 22:00:34.070132,2025-11-20 22:00:34.070132,377,Novedad ejemplo,2025-11-17 22:00:34.070146,Obs extra 1,Obs extra 2
378,Laura,Rodríguez,CC,7526962,laura.rodríguez@mail.com,3724260374,3718878123,Inactivo,1,378,False,331,12,False,378,22:00:34,00:00:34,En espera,2025-12-05,Observación ejemplo,Transferencia,162420.26,ABC944,Carro,False,True,378,92,False,False,378,False,2026-01-13,22:00:34,False,378,Recibo,Descripción ejemplo,2025-10-28 22:00:34.070182,378,13,209,Paquete ejemplo,2025-11-18 22:00:34.070184,2025-11-22 22:00:34.070184,378,Novedad ejemplo,2025-11-16 22:00:34.070188,Obs extra 1,Obs extra 2
379,María,Rodríguez,Pasaporte,5563889,maría.rodríguez@mail.com,3225742652,3775763404,Activo,3,379,False,462,16,True,379,22:00:34,00:00:34,Aprobada,2025-12-03,Observación ejemplo,Efectivo,218445.81,XYZ156,Moto,False,True,379,83,False,False,379,,2025-12-14,22:00:34,False,379,Recibo,Descripción ejemplo,2025-10-30 22:00:34.070239,379,2,467,Paquete ejemplo,2025-11-15 22:00:34.070243,2025-11-20 22:00:34.070243,379,Novedad ejemplo,2025-11-06 22:00:34.070255,Obs extra 1,Obs extra 2
380,Sofía,Rodríguez,CC,8579686,sofía.rodríguez@mail.com,3363015280,3401394187,Activo,2,380,False,291,18,True,380,22:00:34,00:00:34,Rechazada,2025-11-25,Observación ejemplo,Transferencia,66689.62,XYZ219,Moto,True,False,380,90,True,False,380,True,2026-01-06,22:00:34,True,380,Recibo,Descripción ejemplo,2025-11-18 22:00:34.070288,380,1,134,Paquete ejemplo,2025-11-15 22:00:34.070290,2025-11-18 22:00:34.070290,380,Novedad ejemplo,2025-11-06 22:00:34.070293,Obs extra 1,Obs extra 2
381,Pedro,Hernández,CC,1090478,pedro.hernández@mail.com,3853802104,3711841301,Inactivo,2,381,False,325,14,False,381,22:00:34,00:00:34,En espera,2025-12-17,Observación ejemplo,Transferencia,272793.98,XYZ717,Carro,True,True,381,50,False,True,381,True,2025-12-05,22:00:34,False,381,Recibo,Descripción ejemplo,2025-11-05 22:00:34.070322,381,9,291,Paquete ejemplo,2025-11-11 22:00:34.070324,2025-11-12 22:00:34.070324,381,Novedad ejemplo,2025-11-16 22:00:34.070327,Obs extra 1,Obs extra 2
382,Valentina,Gómez,Pasaporte,7426635,valentina.gómez@mail.com,3245537464,3175519818,Inactivo,3,382,False,445,11,False,382,22:00:34,00:00:34,En espera,2025-12-13,Observación ejemplo,Efectivo,383226.68,XYZ321,Carro,False,False,382,51,False,False,382,False,2025-12-10,22:00:34,False,382,Recibo,Descripción ejemplo,2025-11-04 22:00:34.070356,382,14,303,Paquete ejemplo,2025-11-18 22:00:34.070358,2025-11-21 22:00:34.070358,382,Novedad ejemplo,2025-11-16 22:00:34.070361,Obs extra 1,Obs extra 2
383,María,Torres,TI,6768089,maría.torres@mail.com,3825192312,3385282495,Activo,1,383,True,391,6,True,383,22:00:34,00:00:34,En espera,2025-12-13,Observación ejemplo,Transferencia,72359.53,XYZ551,Carro,True,True,383,52,True,False,383,,2025-12-13,22:00:34,False,383,Recibo,Descripción ejemplo,2025-11-14 22:00:34.070402,383,12,493,Paquete ejemplo,2025-11-18 22:00:34.070404,2025-11-23 22:00:34.070404,383,Novedad ejemplo,2025-11-10 22:00:34.070407,Obs extra 1,Obs extra 2
384,María,Vargas,Pasaporte,9157085,maría.vargas@mail.com,3639617643,3166405758,Inactivo,2,384,False,205,16,True,384,22:00:34,00:00:34,Rechazada,2025-11-27,Observación ejemplo,Efectivo,389404.15,ABC906,Carro,False,False,384,44,False,True,384,True,2025-12-13,22:00:34,True,384,Recibo,Descripción ejemplo,2025-11-15 22:00:34.070442,384,5,464,Paquete ejemplo,2025-11-10 22:00:34.070444,2025-11-14 22:00:34.070444,384,Novedad ejemplo,2025-11-15 22:00:34.070447,Obs extra 1,Obs extra 2
385,Valentina,López,CE,4164675,valentina.lópez@mail.com,3899644654,3540444988,Inactivo,2,385,True,342,7,False,385,22:00:34,00:00:34,En espera,2025-12-11,Observación ejemplo,Efectivo,203638.35,ABC283,Carro,True,True,385,74,False,True,385,,2026-01-10,22:00:34,False,385,Recibo,Descripción ejemplo,2025-11-07 22:00:34.070477,385,20,449,Paquete ejemplo,2025-11-19 22:00:34.070479,2025-11-24 22:00:34.070479,385,Novedad ejemplo,2025-11-07 22:00:34.070482,Obs extra 1,Obs extra 2
386,Sofía,Torres,CC,4900291,sofía.torres@mail.com,3233174326,3348333988,Inactivo,3,386,False,323,6,True,386,22:00:34,00:00:34,Rechazada,2025-12-03,Observación ejemplo,Transferencia,498435.74,DEF629,Carro,True,True,386,79,False,False,386,False,2025-12-27,22:00:34,True,386,Recibo,Descripción ejemplo,2025-11-16 22:00:34.070543,386,5,254,Paquete ejemplo,2025-11-10 22:00:34.070545,2025-11-14 22:00:34.070545,386,Novedad ejemplo,2025-11-15 22:00:34.070549,Obs extra 1,Obs extra 2
387,Luis,Torres,CE,2852750,luis.torres@mail.com,3193677824,3838001769,Inactivo,2,387,True,377,20,False,387,22:00:34,00:00:34,En espera,2025-12-06,Observación ejemplo,Efectivo,331909.17,GHI614,Moto,False,False,387,28,False,True,387,,2025-12-20,22:00:34,False,387,Recibo,Descripción ejemplo,2025-11-13 22:00:34.070580,387,17,116,Paquete ejemplo,2025-11-15 22:00:34.070582,2025-11-19 22:00:34.070582,387,Novedad ejemplo,2025-11-20 22:00:34.070585,Obs extra 1,Obs extra 2
388,Sofía,Rodríguez,TI,7309641,sofía.rodríguez@mail.com,3407087458,3136885565,Activo,3,388,False,492,20,False,388,22:00:34,00:00:34,En espera,2025-12-12,Observación ejemplo,Transferencia,167547.42,GHI101,Carro,True,True,388,18,True,True,388,,2025-12-27,22:00:34,True,388,Recibo,Descripción ejemplo,2025-10-30 22:00:34.070616,388,12,175,Paquete ejemplo,2025-11-10 22:00:34.070618,2025-11-14 22:00:34.070618,388,Novedad ejemplo,2025-11-05 22:00:34.070622,Obs extra 1,Obs extra 2
389,Juan,García,TI,9831236,juan.garcía@mail.com,3443675215,3100487258,Activo,1,389,False,185,17,False,389,22:00:34,00:00:34,Rechazada,2025-11-30,Observación ejemplo,Transferencia,263889.15,XYZ619,Carro,False,False,389,55,False,True,389,False,2025-11-24,22:00:34,False,389,Recibo,Descripción ejemplo,2025-10-26 22:00:34.070652,389,17,133,Paquete ejemplo,2025-11-16 22:00:34.070654,2025-11-18 22:00:34.070654,389,Novedad ejemplo,2025-11-17 22:00:34.070658,Obs extra 1,Obs extra 2
390,Valentina,Gómez,CE,7422864,valentina.gómez@mail.com,3754968090,3856588481,Inactivo,3,390,True,230,7,False,390,22:00:34,00:00:34,En espera,2025-12-10,Observación ejemplo,Transferencia,261758.98,GHI436,Moto,True,True,390,73,False,False,390,True,2025-12-13,22:00:34,False,390,Recibo,Descripción ejemplo,2025-10-22 22:00:34.070711,390,15,146,Paquete ejemplo,2025-11-19 22:00:34.070713,2025-11-22 22:00:34.070713,390,Novedad ejemplo,2025-11-07 22:00:34.070716,Obs extra 1,Obs extra 2
391,Valentina,Martínez,Pasaporte,1799850,valentina.martínez@mail.com,3147443625,3390199164,Activo,1,391,True,449,8,True,391,22:00:34,00:00:34,Aprobada,2025-11-27,Observación ejemplo,Efectivo,331711.91,DEF947,Carro,True,True,391,75,False,False,391,True,2025-12-11,22:00:34,False,391,Recibo,Descripción ejemplo,2025-11-02 22:00:34.070748,391,6,362,Paquete ejemplo,2025-11-15 22:00:34.070750,2025-11-18 22:00:34.070750,391,Novedad ejemplo,2025-11-15 22:00:34.070754,Obs extra 1,Obs extra 2
392,Luis,López,CC,3399028,luis.lópez@mail.com,3794184691,3649288601,Inactivo,1,392,True,402,1,False,392,22:00:34,00:00:34,Aprobada,2025-12-20,Observación ejemplo,Transferencia,298824.04,XYZ768,Moto,False,False,392,77,False,False,392,False,2025-12-15,22:00:34,True,392,Recibo,Descripción ejemplo,2025-10-21 22:00:34.070783,392,6,386,Paquete ejemplo,2025-11-19 22:00:34.070785,2025-11-20 22:00:34.070785,392,Novedad ejemplo,2025-11-07 22:00:34.070789,Obs extra 1,Obs extra 2
393,María,Vargas,Pasaporte,7186598,maría.vargas@mail.com,3880820117,3552676202,Inactivo,1,393,False,180,6,False,393,22:00:34,00:00:34,Rechazada,2025-11-26,Observación ejemplo,Efectivo,94390.89,GHI869,Carro,False,True,393,68,False,False,393,,2025-11-29,22:00:34,True,393,Recibo,Descripción ejemplo,2025-11-05 22:00:34.070828,393,15,339,Paquete ejemplo,2025-11-15 22:00:34.070831,2025-11-19 22:00:34.070831,393,Novedad ejemplo,2025-11-08 22:00:34.070837,Obs extra 1,Obs extra 2
394,Carlos,Vargas,Pasaporte,6678886,carlos.vargas@mail.com,3983188948,3314018022,Inactivo,2,394,True,287,17,False,394,22:00:34,00:00:34,Aprobada,2025-12-01,Observación ejemplo,Efectivo,266588.98,ABC447,Carro,False,True,394,92,False,True,394,True,2025-12-25,22:00:34,False,394,Recibo,Descripción ejemplo,2025-11-16 22:00:34.070891,394,6,132,Paquete ejemplo,2025-11-11 22:00:34.070895,2025-11-12 22:00:34.070895,394,Novedad ejemplo,2025-11-14 22:00:34.070901,Obs extra 1,Obs extra 2
395,Laura,Ramírez,TI,9184810,laura.ramírez@mail.com,3842977212,3897223546,Activo,2,395,True,277,6,False,395,22:00:34,00:00:34,Rechazada,2025-12-17,Observación ejemplo,Transferencia,178228.71,ABC551,Carro,False,False,395,57,False,True,395,True,2026-01-08,22:00:34,False,395,Recibo,Descripción ejemplo,2025-11-04 22:00:34.070986,395,11,268,Paquete ejemplo,2025-11-18 22:00:34.070990,2025-11-22 22:00:34.070990,395,Novedad ejemplo,2025-11-08 22:00:34.071011,Obs extra 1,Obs extra 2
396,Sofía,Torres,TI,4550678,sofía.torres@mail.com,3853308691,3507184265,Activo,2,396,False,451,14,False,396,22:00:34,00:00:34,En espera,2025-12-17,Observación ejemplo,Transferencia,374670.53,XYZ275,Carro,False,True,396,53,False,True,396,True,2025-12-11,22:00:34,False,396,Recibo,Descripción ejemplo,2025-11-01 22:00:34.071046,396,3,216,Paquete ejemplo,2025-11-15 22:00:34.071048,2025-11-19 22:00:34.071048,396,Novedad ejemplo,2025-11-14 22:00:34.071051,Obs extra 1,Obs extra 2
397,Laura,Pérez,CE,2377473,laura.pérez@mail.com,3889325113,3848672394,Activo,1,397,False,442,15,True,397,22:00:34,00:00:34,Rechazada,2025-12-19,Observación ejemplo,Transferencia,104574.22,XYZ835,Moto,True,False,397,19,False,True,397,True,2025-12-12,22:00:34,True,397,Recibo,Descripción ejemplo,2025-11-02 22:00:34.071081,397,9,201,Paquete ejemplo,2025-11-12 22:00:34.071083,2025-11-14 22:00:34.071083,397,Novedad ejemplo,2025-11-12 22:00:34.071086,Obs extra 1,Obs extra 2
398,María,Torres,Pasaporte,8221278,maría.torres@mail.com,3266555562,3520688529,Activo,2,398,False,443,18,True,398,22:00:34,00:00:34,Aprobada,2025-11-26,Observación ejemplo,Efectivo,65387.61,GHI910,Carro,True,True,398,42,True,False,398,False,2026-01-07,22:00:34,True,398,Recibo,Descripción ejemplo,2025-11-10 22:00:34.071115,398,17,105,Paquete ejemplo,2025-11-14 22:00:34.071117,2025-11-16 22:00:34.071117,398,Novedad ejemplo,2025-11-06 22:00:34.071120,Obs extra 1,Obs extra 2
399,Diego,Gómez,CC,4336679,diego.gómez@mail.com,3799501810,3953489969,Activo,2,399,False,450,13,False,399,22:00:34,00:00:34,En espera,2025-12-06,Observación ejemplo,Transferencia,147082.7,DEF625,Moto,False,False,399,33,False,False,399,,2025-12-15,22:00:34,False,399,Recibo,Descripción ejemplo,2025-10-28 22:00:34.071154,399,10,454,Paquete ejemplo,2025-11-18 22:00:34.071156,2025-11-23 22:00:34.071156,399,Novedad ejemplo,2025-11-07 22:00:34.071159,Obs extra 1,Obs extra 2
400,Valentina,Rodríguez,CC,9718764,valentina.rodríguez@mail.com,3700015449,3989883589,Activo,2,400,False,271,15,False,400,22:00:34,00:00:34,Aprobada,2025-12-02,Observación ejemplo,Efectivo,205907.22,GHI501,Moto,True,True,400,60,False,False,400,,2025-12-28,22:00:34,False,400,Recibo,Descripción ejemplo,2025-11-15 22:00:34.071207,400,4,233,Paquete ejemplo,2025-11-13 22:00:34.071211,2025-11-16 22:00:34.071211,400,Novedad ejemplo,2025-11-16 22:00:34.071217,Obs extra 1,Obs extra 2
401,Laura,García,CC,3625971,laura.garcía@mail.com,3153182424,3679797019,Activo,3,401,True,233,1,False,401,22:00:34,00:00:34,En espera,2025-12-19,Observación ejemplo,Transferencia,376924.66,ABC955,Moto,False,False,401,71,True,False,401,False,2025-11-23,22:00:34,True,401,Recibo,Descripción ejemplo,2025-10-24 22:00:34.071266,401,10,212,Paquete ejemplo,2025-11-10 22:00:34.071268,2025-11-14 22:00:34.071268,401,Novedad ejemplo,2025-11-09 22:00:34.071271,Obs extra 1,Obs extra 2
402,Diego,Hernández,TI,7925379,diego.hernández@mail.com,3187264404,3473219506,Activo,2,402,True,443,10,True,402,22:00:34,00:00:34,Aprobada,2025-12-19,Observación ejemplo,Efectivo,442730.82,DEF530,Carro,True,False,402,32,True,False,402,True,2026-01-14,22:00:34,False,402,Recibo,Descripción ejemplo,2025-11-18 22:00:34.071333,402,2,375,Paquete ejemplo,2025-11-18 22:00:34.071335,2025-11-20 22:00:34.071335,402,Novedad ejemplo,2025-11-16 22:00:34.071339,Obs extra 1,Obs extra 2
403,Diego,Pérez,CC,8035100,diego.pérez@mail.com,3301508649,3227761645,Inactivo,2,403,True,338,12,False,403,22:00:34,00:00:34,En espera,2025-12-11,Observación ejemplo,Efectivo,338345.75,ABC556,Carro,True,False,403,61,True,True,403,True,2025-11-30,22:00:34,True,403,Recibo,Descripción ejemplo,2025-11-02 22:00:34.071372,403,18,191,Paquete ejemplo,2025-11-15 22:00:34.071374,2025-11-18 22:00:34.071374,403,Novedad ejemplo,2025-11-19 22:00:34.071377,Obs extra 1,Obs extra 2
404,Carlos,García,CE,5873091,carlos.garcía@mail.com,3762438464,3663590282,Inactivo,3,404,True,244,20,False,404,22:00:34,00:00:34,En espera,2025-11-26,Observación ejemplo,Transferencia,110770.66,ABC750,Moto,False,True,404,47,False,False,404,True,2026-01-08,22:00:34,True,404,Recibo,Descripción ejemplo,2025-11-15 22:00:34.071414,404,12,304,Paquete ejemplo,2025-11-19 22:00:34.071416,2025-11-22 22:00:34.071416,404,Novedad ejemplo,2025-11-07 22:00:34.071419,Obs extra 1,Obs extra 2
405,Valentina,Pérez,TI,4720566,valentina.pérez@mail.com,3785301931,3462030838,Activo,3,405,True,420,15,False,405,22:00:34,00:00:34,En espera,2025-12-12,Observación ejemplo,Efectivo,186966.16,ABC134,Carro,False,False,405,64,True,False,405,True,2026-01-04,22:00:34,False,405,Recibo,Descripción ejemplo,2025-11-10 22:00:34.071454,405,18,225,Paquete ejemplo,2025-11-14 22:00:34.071456,2025-11-19 22:00:34.071456,405,Novedad ejemplo,2025-11-12 22:00:34.071459,Obs extra 1,Obs extra 2
406,Pedro,López,CC,7312334,pedro.lópez@mail.com,3111915480,3796496508,Inactivo,1,406,False,212,1,False,406,22:00:34,00:00:34,Aprobada,2025-12-15,Observación ejemplo,Efectivo,122514.8,ABC322,Moto,False,True,406,24,False,False,406,False,2025-11-23,22:00:34,True,406,Recibo,Descripción ejemplo,2025-11-14 22:00:34.071497,406,8,233,Paquete ejemplo,2025-11-17 22:00:34.071499,2025-11-20 22:00:34.071499,406,Novedad ejemplo,2025-11-19 22:00:34.071502,Obs extra 1,Obs extra 2
407,Valentina,Ramírez,Pasaporte,8929639,valentina.ramírez@mail.com,3106544595,3808598241,Inactivo,2,407,True,237,19,False,407,22:00:34,00:00:34,En espera,2025-12-12,Observación ejemplo,Transferencia,435199.14,ABC145,Carro,False,True,407,14,True,True,407,,2025-12-17,22:00:34,True,407,Recibo,Descripción ejemplo,2025-11-04 22:00:34.071530,407,3,292,Paquete ejemplo,2025-11-14 22:00:34.071532,2025-11-18 22:00:34.071532,407,Novedad ejemplo,2025-11-08 22:00:34.071536,Obs extra 1,Obs extra 2
408,María,Pérez,CE,4374091,maría.pérez@mail.com,3541333661,3682430888,Inactivo,1,408,False,129,11,False,408,22:00:34,00:00:34,Rechazada,2025-11-29,Observación ejemplo,Efectivo,418594.78,ABC376,Moto,True,False,408,2,False,False,408,False,2026-01-12,22:00:34,True,408,Recibo,Descripción ejemplo,2025-11-12 22:00:34.071578,408,5,389,Paquete ejemplo,2025-11-10 22:00:34.071582,2025-11-14 22:00:34.071582,408,Novedad ejemplo,2025-11-10 22:00:34.071587,Obs extra 1,Obs extra 2
409,Sofía,Vargas,CC,1937572,sofía.vargas@mail.com,3975664878,3620764556,Inactivo,3,409,True,415,14,False,409,22:00:34,00:00:34,Aprobada,2025-12-07,Observación ejemplo,Efectivo,264750.44,XYZ414,Moto,True,True,409,47,True,False,409,,2025-12-14,22:00:34,False,409,Recibo,Descripción ejemplo,2025-11-03 22:00:34.071629,409,5,450,Paquete ejemplo,2025-11-15 22:00:34.071631,2025-11-19 22:00:34.071631,409,Novedad ejemplo,2025-11-17 22:00:34.071635,Obs extra 1,Obs extra 2
410,Carlos,Gómez,CC,3545908,carlos.gómez@mail.com,3775774705,3215469108,Activo,1,410,False,403,18,True,410,22:00:34,00:00:34,Aprobada,2025-12-15,Observación ejemplo,Efectivo,110582.0,XYZ927,Moto,False,True,410,91,True,True,410,False,2025-12-01,22:00:34,True,410,Recibo,Descripción ejemplo,2025-11-19 22:00:34.071667,410,9,286,Paquete ejemplo,2025-11-13 22:00:34.071694,2025-11-14 22:00:34.071694,410,Novedad ejemplo,2025-11-09 22:00:34.071703,Obs extra 1,Obs extra 2
411,María,Rodríguez,CE,2054738,maría.rodríguez@mail.com,3297073923,3645639762,Inactivo,3,411,True,151,14,False,411,22:00:34,00:00:34,En espera,2025-12-09,Observación ejemplo,Transferencia,289380.88,XYZ541,Carro,False,False,411,83,True,False,411,True,2025-12-28,22:00:34,False,411,Recibo,Descripción ejemplo,2025-11-10 22:00:34.071768,411,11,415,Paquete ejemplo,2025-11-18 22:00:34.071771,2025-11-19 22:00:34.071771,411,Novedad ejemplo,2025-11-19 22:00:34.071777,Obs extra 1,Obs extra 2
412,Laura,Vargas,CE,9838850,laura.vargas@mail.com,3633005608,3268243273,Inactivo,3,412,False,393,15,False,412,22:00:34,00:00:34,En espera,2025-12-20,Observación ejemplo,Efectivo,336993.55,ABC722,Moto,True,False,412,37,False,True,412,False,2025-12-01,22:00:34,False,412,Recibo,Descripción ejemplo,2025-11-15 22:00:34.071816,412,18,222,Paquete ejemplo,2025-11-17 22:00:34.071818,2025-11-18 22:00:34.071818,412,Novedad ejemplo,2025-11-20 22:00:34.071838,Obs extra 1,Obs extra 2
413,Luis,Pérez,CC,8464924,luis.pérez@mail.com,3603402745,3823402583,Inactivo,2,413,True,453,20,False,413,22:00:34,00:00:34,En espera,2025-12-10,Observación ejemplo,Transferencia,483036.44,GHI110,Moto,True,False,413,70,False,True,413,,2025-11-24,22:00:34,False,413,Recibo,Descripción ejemplo,2025-11-11 22:00:34.071882,413,16,416,Paquete ejemplo,2025-11-15 22:00:34.071883,2025-11-20 22:00:34.071883,413,Novedad ejemplo,2025-11-14 22:00:34.071887,Obs extra 1,Obs extra 2
414,Laura,Rodríguez,Pasaporte,7203684,laura.rodríguez@mail.com,3124958574,3649274590,Inactivo,1,414,True,245,9,False,414,22:00:34,00:00:34,En espera,2025-12-17,Observación ejemplo,Efectivo,428958.6,DEF220,Carro,True,True,414,30,False,False,414,,2025-11-30,22:00:34,True,414,Recibo,Descripción ejemplo,2025-11-02 22:00:34.071917,414,2,351,Paquete ejemplo,2025-11-15 22:00:34.071919,2025-11-17 22:00:34.071919,414,Novedad ejemplo,2025-11-09 22:00:34.071922,Obs extra 1,Obs extra 2
415,Diego,Gómez,CE,2631698,diego.gómez@mail.com,3138058320,3817459246,Inactivo,1,415,False,218,12,False,415,22:00:34,00:00:34,Aprobada,2025-12-05,Observación ejemplo,Transferencia,280973.6,GHI868,Moto,True,True,415,72,False,False,415,,2026-01-06,22:00:34,False,415,Recibo,Descripción ejemplo,2025-10-31 22:00:34.071951,415,16,501,Paquete ejemplo,2025-11-10 22:00:34.071953,2025-11-14 22:00:34.071953,415,Novedad ejemplo,2025-11-08 22:00:34.071956,Obs extra 1,Obs extra 2
416,Carlos,Gómez,CE,2663319,carlos.gómez@mail.com,3247440846,3106329673,Activo,1,416,False,124,1,False,416,22:00:34,00:00:34,Rechazada,2025-12-12,Observación ejemplo,Efectivo,129557.96,DEF379,Moto,True,True,416,28,True,True,416,,2026-01-08,22:00:34,False,416,Recibo,Descripción ejemplo,2025-10-27 22:00:34.071990,416,3,425,Paquete ejemplo,2025-11-13 22:00:34.071992,2025-11-18 22:00:34.071992,416,Novedad ejemplo,2025-11-19 22:00:34.071996,Obs extra 1,Obs extra 2
417,Luis,Hernández,TI,7800305,luis.hernández@mail.com,3619315383,3998002968,Inactivo,2,417,True,415,14,False,417,22:00:34,00:00:34,Aprobada,2025-12-07,Observación ejemplo,Efectivo,198257.01,XYZ146,Carro,False,False,417,61,False,True,417,,2025-12-27,22:00:34,False,417,Recibo,Descripción ejemplo,2025-11-02 22:00:34.072035,417,10,303,Paquete ejemplo,2025-11-11 22:00:34.072037,2025-11-14 22:00:34.072037,417,Novedad ejemplo,2025-11-08 22:00:34.072042,Obs extra 1,Obs extra 2
418,Ana,García,CE,7008583,ana.garcía@mail.com,3965166387,3678088611,Activo,2,418,False,212,19,True,418,22:00:34,00:00:34,Aprobada,2025-12-18,Observación ejemplo,Transferencia,312891.23,XYZ895,Moto,True,False,418,32,False,False,418,False,2025-12-27,22:00:34,False,418,Recibo,Descripción ejemplo,2025-10-22 22:00:34.072092,418,8,182,Paquete ejemplo,2025-11-12 22:00:34.072094,2025-11-16 22:00:34.072094,418,Novedad ejemplo,2025-11-06 22:00:34.072097,Obs extra 1,Obs extra 2
419,Carlos,Torres,Pasaporte,7733488,carlos.torres@mail.com,3963129601,3202906046,Activo,2,419,False,435,19,True,419,22:00:34,00:00:34,Rechazada,2025-11-22,Observación ejemplo,Efectivo,450716.29,XYZ442,Moto,False,True,419,54,False,True,419,False,2025-12-20,22:00:34,True,419,Recibo,Descripción ejemplo,2025-10-24 22:00:34.072127,419,7,165,Paquete ejemplo,2025-11-19 22:00:34.072129,2025-11-24 22:00:34.072129,419,Novedad ejemplo,2025-11-10 22:00:34.072132,Obs extra 1,Obs extra 2
420,Sofía,García,CE,2945528,sofía.garcía@mail.com,3141896612,3289184575,Activo,2,420,False,103,1,False,420,22:00:34,00:00:34,Rechazada,2025-12-10,Observación ejemplo,Efectivo,304077.27,GHI427,Carro,True,False,420,79,True,True,420,,2025-12-19,22:00:34,False,420,Recibo,Descripción ejemplo,2025-11-18 22:00:34.072172,420,2,443,Paquete ejemplo,2025-11-11 22:00:34.072176,2025-11-16 22:00:34.072176,420,Novedad ejemplo,2025-11-13 22:00:34.072181,Obs extra 1,Obs extra 2
421,Valentina,Hernández,TI,4504426,valentina.hernández@mail.com,3601702727,3926140510,Inactivo,2,421,True,366,1,False,421,22:00:34,00:00:34,Aprobada,2025-12-07,Observación ejemplo,Transferencia,94807.66,XYZ908,Moto,True,False,421,93,True,False,421,False,2025-12-12,22:00:34,False,421,Recibo,Descripción ejemplo,2025-10-22 22:00:34.072231,421,12,219,Paquete ejemplo,2025-11-15 22:00:34.072233,2025-11-18 22:00:34.072233,421,Novedad ejemplo,2025-11-12 22:00:34.072236,Obs extra 1,Obs extra 2
422,Pedro,Hernández,CE,9999272,pedro.hernández@mail.com,3284234217,3985900428,Activo,3,422,False,500,11,False,422,22:00:34,00:00:34,En espera,2025-12-06,Observación ejemplo,Transferencia,295405.21,ABC471,Moto,True,True,422,8,False,True,422,,2026-01-05,22:00:34,False,422,Recibo,Descripción ejemplo,2025-11-04 22:00:34.072282,422,2,114,Paquete ejemplo,2025-11-13 22:00:34.072286,2025-11-18 22:00:34.072286,422,Novedad ejemplo,2025-11-20 22:00:34.072292,Obs extra 1,Obs extra 2
423,Valentina,García,CC,1208528,valentina.garcía@mail.com,3298993512,3223297353,Inactivo,3,423,True,374,6,False,423,22:00:34,00:00:34,En espera,2025-12-04,Observación ejemplo,Efectivo,414999.39,ABC706,Moto,False,True,423,21,False,False,423,True,2025-11-29,22:00:34,True,423,Recibo,Descripción ejemplo,2025-10-29 22:00:34.072351,423,11,136,Paquete ejemplo,2025-11-13 22:00:34.072353,2025-11-17 22:00:34.072353,423,Novedad ejemplo,2025-11-09 22:00:34.072356,Obs extra 1,Obs extra 2
424,Valentina,Hernández,TI,4367149,valentina.hernández@mail.com,3793629015,3909258678,Inactivo,2,424,True,274,4,True,424,22:00:34,00:00:34,Rechazada,2025-12-12,Observación ejemplo,Efectivo,176672.24,XYZ759,Moto,True,True,424,74,False,True,424,True,2026-01-03,22:00:34,True,424,Recibo,Descripción ejemplo,2025-11-17 22:00:34.072408,424,7,403,Paquete ejemplo,2025-11-15 22:00:34.072410,2025-11-16 22:00:34.072410,424,Novedad ejemplo,2025-11-17 22:00:34.072413,Obs extra 1,Obs extra 2
425,María,Ramírez,CE,2572448,maría.ramírez@mail.com,3473447009,3235429619,Inactivo,1,425,False,429,20,False,425,22:00:34,00:00:34,En espera,2025-12-03,Observación ejemplo,Efectivo,495947.29,GHI757,Moto,True,True,425,52,True,False,425,True,2025-11-22,22:00:34,True,425,Recibo,Descripción ejemplo,2025-11-01 22:00:34.072443,425,7,501,Paquete ejemplo,2025-11-17 22:00:34.072445,2025-11-19 22:00:34.072445,425,Novedad ejemplo,2025-11-14 22:00:34.072448,Obs extra 1,Obs extra 2
426,Carlos,García,CE,7977725,carlos.garcía@mail.com,3626204532,3910118509,Inactivo,1,426,False,361,19,False,426,22:00:34,00:00:34,Aprobada,2025-12-01,Observación ejemplo,Transferencia,359733.88,ABC155,Carro,False,False,426,60,True,True,426,,2025-12-20,22:00:34,False,426,Recibo,Descripción ejemplo,2025-11-01 22:00:34.072476,426,8,240,Paquete ejemplo,2025-11-17 22:00:34.072478,2025-11-20 22:00:34.072478,426,Novedad ejemplo,2025-11-08 22:00:34.072481,Obs extra 1,Obs extra 2
427,Juan,Vargas,CE,3050102,juan.vargas@mail.com,3833222761,3202636390,Inactivo,3,427,False,254,11,False,427,22:00:34,00:00:34,En espera,2025-11-23,Observación ejemplo,Transferencia,242373.8,ABC121,Carro,False,True,427,62,False,False,427,True,2026-01-17,22:00:34,False,427,Recibo,Descripción ejemplo,2025-10-30 22:00:34.072536,427,16,222,Paquete ejemplo,2025-11-12 22:00:34.072538,2025-11-15 22:00:34.072538,427,Novedad ejemplo,2025-11-09 22:00:34.072542,Obs extra 1,Obs extra 2
428,Laura,Pérez,TI,9519513,laura.pérez@mail.com,3273558827,3621594234,Activo,1,428,False,449,7,True,428,22:00:34,00:00:34,Aprobada,2025-12-17,Observación ejemplo,Efectivo,177449.33,ABC918,Moto,True,True,428,9,True,False,428,False,2026-01-05,22:00:34,False,428,Recibo,Descripción ejemplo,2025-11-07 22:00:34.072572,428,18,247,Paquete ejemplo,2025-11-18 22:00:34.072574,2025-11-23 22:00:34.072574,428,Novedad ejemplo,2025-11-05 22:00:34.072577,Obs extra 1,Obs extra 2
429,Carlos,Ramírez,TI,9726737,carlos.ramírez@mail.com,3171506923,3967868058,Activo,1,429,False,309,15,False,429,22:00:34,00:00:34,En espera,2025-12-15,Observación ejemplo,Efectivo,381274.5,DEF625,Carro,True,False,429,85,False,False,429,,2025-12-11,22:00:34,True,429,Recibo,Descripción ejemplo,2025-11-15 22:00:34.072606,429,14,137,Paquete ejemplo,2025-11-13 22:00:34.072608,2025-11-17 22:00:34.072608,429,Novedad ejemplo,2025-11-12 22:00:34.072611,Obs extra 1,Obs extra 2
430,Laura,Torres,CC,7207087,laura.torres@mail.com,3622820779,3856603906,Inactivo,3,430,True,352,16,True,430,22:00:34,00:00:34,Aprobada,2025-12-06,Observación ejemplo,Transferencia,409686.72,DEF923,Moto,True,False,430,23,False,False,430,False,2025-12-04,22:00:34,False,430,Recibo,Descripción ejemplo,2025-11-11 22:00:34.072639,430,19,323,Paquete ejemplo,2025-11-18 22:00:34.072641,2025-11-23 22:00:34.072641,430,Novedad ejemplo,2025-11-13 22:00:34.072645,Obs extra 1,Obs extra 2
431,Diego,Gómez,CE,7798504,diego.gómez@mail.com,3950601559,3486844083,Activo,1,431,False,306,17,True,431,22:00:34,00:00:34,En espera,2025-12-14,Observación ejemplo,Transferencia,474417.12,XYZ628,Moto,True,True,431,20,True,True,431,True,2025-12-31,22:00:34,False,431,Recibo,Descripción ejemplo,2025-10-26 22:00:34.072711,431,9,116,Paquete ejemplo,2025-11-12 22:00:34.072713,2025-11-16 22:00:34.072713,431,Novedad ejemplo,2025-11-20 22:00:34.072716,Obs extra 1,Obs extra 2
432,Ana,Hernández,TI,6249779,ana.hernández@mail.com,3201514794,3916061500,Activo,3,432,False,324,18,False,432,22:00:34,00:00:34,Aprobada,2025-11-21,Observación ejemplo,Transferencia,80167.38,GHI391,Carro,False,False,432,80,False,True,432,False,2025-12-24,22:00:34,False,432,Recibo,Descripción ejemplo,2025-11-15 22:00:34.072759,432,20,443,Paquete ejemplo,2025-11-16 22:00:34.072763,2025-11-17 22:00:34.072763,432,Novedad ejemplo,2025-11-13 22:00:34.072768,Obs extra 1,Obs extra 2
433,Ana,Rodríguez,CE,6374890,ana.rodríguez@mail.com,3607223183,3449245241,Inactivo,3,433,True,212,6,False,433,22:00:34,00:00:34,En espera,2025-12-08,Observación ejemplo,Transferencia,433201.43,ABC744,Moto,False,False,433,87,False,False,433,,2026-01-03,22:00:34,False,433,Recibo,Descripción ejemplo,2025-11-14 22:00:34.072820,433,17,210,Paquete ejemplo,2025-11-18 22:00:34.072824,2025-11-23 22:00:34.072824,433,Novedad ejemplo,2025-11-18 22:00:34.072829,Obs extra 1,Obs extra 2
434,María,Pérez,CE,2349732,maría.pérez@mail.com,3172776296,3658965555,Inactivo,3,434,True,300,11,False,434,22:00:34,00:00:34,En espera,2025-11-29,Observación ejemplo,Transferencia,151755.2,GHI553,Moto,False,False,434,25,True,True,434,,2025-12-28,22:00:34,True,434,Recibo,Descripción ejemplo,2025-10-22 22:00:34.072868,434,7,371,Paquete ejemplo,2025-11-17 22:00:34.072870,2025-11-22 22:00:34.072870,434,Novedad ejemplo,2025-11-11 22:00:34.072873,Obs extra 1,Obs extra 2
435,Juan,López,CC,4558445,juan.lópez@mail.com,3567705754,3231050273,Activo,1,435,False,237,10,True,435,22:00:34,00:00:34,En espera,2025-11-29,Observación ejemplo,Efectivo,286151.44,DEF539,Moto,False,True,435,63,True,False,435,True,2025-12-07,22:00:34,False,435,Recibo,Descripción ejemplo,2025-10-25 22:00:34.072903,435,20,163,Paquete ejemplo,2025-11-13 22:00:34.072905,2025-11-18 22:00:34.072905,435,Novedad ejemplo,2025-11-12 22:00:34.072909,Obs extra 1,Obs extra 2
436,Pedro,Vargas,Pasaporte,5248534,pedro.vargas@mail.com,3747090044,3981881972,Inactivo,3,436,True,383,1,False,436,22:00:34,00:00:34,En espera,2025-12-06,Observación ejemplo,Transferencia,262281.75,ABC775,Moto,True,True,436,85,False,False,436,True,2025-11-28,22:00:34,False,436,Recibo,Descripción ejemplo,2025-10-25 22:00:34.072948,436,8,321,Paquete ejemplo,2025-11-15 22:00:34.072950,2025-11-19 22:00:34.072950,436,Novedad ejemplo,2025-11-05 22:00:34.072953,Obs extra 1,Obs extra 2
437,Valentina,Hernández,TI,5323843,valentina.hernández@mail.com,3661818256,3555893258,Inactivo,3,437,False,475,8,False,437,22:00:34,00:00:34,En espera,2025-12-09,Observación ejemplo,Efectivo,311785.48,XYZ914,Moto,False,True,437,91,False,False,437,False,2025-12-28,22:00:34,True,437,Recibo,Descripción ejemplo,2025-10-29 22:00:34.073003,437,5,394,Paquete ejemplo,2025-11-11 22:00:34.073005,2025-11-14 22:00:34.073005,437,Novedad ejemplo,2025-11-15 22:00:34.073009,Obs extra 1,Obs extra 2
438,Ana,Hernández,CC,7487793,ana.hernández@mail.com,3581826374,3887277376,Inactivo,1,438,False,356,18,False,438,22:00:34,00:00:34,Rechazada,2025-11-22,Observación ejemplo,Efectivo,70510.47,DEF512,Moto,True,False,438,29,True,True,438,,2025-12-06,22:00:34,True,438,Recibo,Descripción ejemplo,2025-10-24 22:00:34.073047,438,10,410,Paquete ejemplo,2025-11-15 22:00:34.073049,2025-11-19 22:00:34.073049,438,Novedad ejemplo,2025-11-13 22:00:34.073058,Obs extra 1,Obs extra 2
439,Laura,Ramírez,CE,2907743,laura.ramírez@mail.com,3686678546,3655933327,Inactivo,3,439,True,344,5,False,439,22:00:34,00:00:34,Rechazada,2025-12-16,Observación ejemplo,Transferencia,267032.29,ABC883,Moto,False,True,439,10,True,True,439,False,2026-01-13,22:00:34,True,439,Recibo,Descripción ejemplo,2025-11-01 22:00:34.073111,439,16,400,Paquete ejemplo,2025-11-12 22:00:34.073113,2025-11-16 22:00:34.073113,439,Novedad ejemplo,2025-11-17 22:00:34.073116,Obs extra 1,Obs extra 2
440,Laura,Torres,CE,2257229,laura.torres@mail.com,3946031703,3874300160,Inactivo,3,440,False,153,13,True,440,22:00:34,00:00:34,Aprobada,2025-12-08,Observación ejemplo,Transferencia,418440.8,GHI692,Carro,True,True,440,12,True,False,440,True,2026-01-15,22:00:34,False,440,Recibo,Descripción ejemplo,2025-11-09 22:00:34.073155,440,20,125,Paquete ejemplo,2025-11-13 22:00:34.073156,2025-11-18 22:00:34.073156,440,Novedad ejemplo,2025-11-07 22:00:34.073160,Obs extra 1,Obs extra 2
441,Juan,Ramírez,CC,2266524,juan.ramírez@mail.com,3770432171,3108584630,Inactivo,3,441,False,132,4,True,441,22:00:34,00:00:34,En espera,2025-12-06,Observación ejemplo,Efectivo,441340.98,ABC805,Moto,False,True,441,41,False,False,441,False,2025-12-17,22:00:34,False,441,Recibo,Descripción ejemplo,2025-11-19 22:00:34.073190,441,13,171,Paquete ejemplo,2025-11-11 22:00:34.073192,2025-11-12 22:00:34.073192,441,Novedad ejemplo,2025-11-09 22:00:34.073196,Obs extra 1,Obs extra 2
442,Ana,Vargas,CC,1698045,ana.vargas@mail.com,3270616016,3814653652,Inactivo,1,442,False,138,6,True,442,22:00:34,00:00:34,Rechazada,2025-12-03,Observación ejemplo,Efectivo,115820.55,ABC581,Moto,True,False,442,85,True,False,442,False,2025-12-20,22:00:34,False,442,Recibo,Descripción ejemplo,2025-10-21 22:00:34.073229,442,15,432,Paquete ejemplo,2025-11-12 22:00:34.073231,2025-11-16 22:00:34.073231,442,Novedad ejemplo,2025-11-19 22:00:34.073235,Obs extra 1,Obs extra 2
443,Ana,Vargas,TI,1343999,ana.vargas@mail.com,3601184628,3901673138,Inactivo,3,443,False,324,2,False,443,22:00:34,00:00:34,Aprobada,2025-12-16,Observación ejemplo,Transferencia,345261.58,ABC317,Moto,False,True,443,41,True,True,443,False,2026-01-07,22:00:34,True,443,Recibo,Descripción ejemplo,2025-11-10 22:00:34.073285,443,9,374,Paquete ejemplo,2025-11-12 22:00:34.073287,2025-11-17 22:00:34.073287,443,Novedad ejemplo,2025-11-18 22:00:34.073290,Obs extra 1,Obs extra 2
444,Diego,López,CC,6757643,diego.lópez@mail.com,3395217201,3808470474,Inactivo,3,444,True,177,14,True,444,22:00:34,00:00:34,En espera,2025-12-04,Observación ejemplo,Transferencia,390219.28,XYZ912,Carro,True,True,444,68,True,True,444,True,2025-12-22,22:00:34,True,444,Recibo,Descripción ejemplo,2025-11-15 22:00:34.073321,444,11,300,Paquete ejemplo,2025-11-17 22:00:34.073323,2025-11-18 22:00:34.073323,444,Novedad ejemplo,2025-11-05 22:00:34.073326,Obs extra 1,Obs extra 2
445,Diego,Gómez,TI,5285952,diego.gómez@mail.com,3621473701,3557895586,Inactivo,2,445,False,134,9,True,445,22:00:34,00:00:34,Rechazada,2025-11-27,Observación ejemplo,Transferencia,483475.98,DEF579,Moto,True,False,445,97,True,False,445,True,2026-01-17,22:00:34,True,445,Recibo,Descripción ejemplo,2025-10-22 22:00:34.073358,445,6,400,Paquete ejemplo,2025-11-17 22:00:34.073360,2025-11-21 22:00:34.073360,445,Novedad ejemplo,2025-11-17 22:00:34.073363,Obs extra 1,Obs extra 2
446,María,García,TI,2706380,maría.garcía@mail.com,3778800724,3416871612,Inactivo,3,446,False,208,7,False,446,22:00:34,00:00:34,En espera,2025-11-27,Observación ejemplo,Transferencia,190372.42,XYZ319,Moto,False,False,446,60,True,True,446,True,2025-12-13,22:00:34,True,446,Recibo,Descripción ejemplo,2025-11-18 22:00:34.073419,446,13,459,Paquete ejemplo,2025-11-16 22:00:34.073422,2025-11-17 22:00:34.073422,446,Novedad ejemplo,2025-11-06 22:00:34.073425,Obs extra 1,Obs extra 2
447,Luis,Ramírez,TI,7427950,luis.ramírez@mail.com,3573567573,3386701799,Activo,1,447,True,119,11,True,447,22:00:34,00:00:34,Aprobada,2025-12-13,Observación ejemplo,Transferencia,79974.39,ABC765,Moto,False,False,447,15,True,False,447,,2025-12-17,22:00:34,False,447,Recibo,Descripción ejemplo,2025-11-15 22:00:34.073458,447,3,447,Paquete ejemplo,2025-11-16 22:00:34.073460,2025-11-21 22:00:34.073460,447,Novedad ejemplo,2025-11-18 22:00:34.073463,Obs extra 1,Obs extra 2
448,Valentina,Martínez,Pasaporte,9524657,valentina.martínez@mail.com,3413552830,3213202681,Activo,3,448,False,159,6,False,448,22:00:34,00:00:34,Aprobada,2025-12-09,Observación ejemplo,Efectivo,340780.71,XYZ676,Moto,True,False,448,61,False,False,448,,2025-12-03,22:00:34,True,448,Recibo,Descripción ejemplo,2025-11-07 22:00:34.073502,448,6,476,Paquete ejemplo,2025-11-15 22:00:34.073504,2025-11-16 22:00:34.073504,448,Novedad ejemplo,2025-11-08 22:00:34.073510,Obs extra 1,Obs extra 2
449,Sofía,Martínez,Pasaporte,5082775,sofía.martínez@mail.com,3859181727,3980086840,Inactivo,2,449,True,248,16,False,449,22:00:34,00:00:34,En espera,2025-12-09,Observación ejemplo,Transferencia,214469.16,XYZ714,Carro,True,True,449,74,False,False,449,False,2025-12-30,22:00:34,False,449,Recibo,Descripción ejemplo,2025-11-13 22:00:34.073565,449,3,125,Paquete ejemplo,2025-11-17 22:00:34.073567,2025-11-18 22:00:34.073567,449,Novedad ejemplo,2025-11-06 22:00:34.073570,Obs extra 1,Obs extra 2
450,Pedro,Pérez,CC,3047922,pedro.pérez@mail.com,3595622107,3191104696,Activo,1,450,False,275,4,False,450,22:00:34,00:00:34,Aprobada,2025-12-17,Observación ejemplo,Efectivo,468250.81,ABC590,Carro,False,True,450,67,True,False,450,,2025-12-23,22:00:34,True,450,Recibo,Descripción ejemplo,2025-11-03 22:00:34.073611,450,17,386,Paquete ejemplo,2025-11-18 22:00:34.073613,2025-11-20 22:00:34.073613,450,Novedad ejemplo,2025-11-11 22:00:34.073616,Obs extra 1,Obs extra 2
451,Laura,García,CE,5550685,laura.garcía@mail.com,3881424166,3324180489,Activo,1,451,True,480,15,False,451,22:00:34,00:00:34,En espera,2025-12-02,Observación ejemplo,Transferencia,163032.72,XYZ694,Moto,True,True,451,89,False,False,451,False,2025-12-23,22:00:34,False,451,Recibo,Descripción ejemplo,2025-11-14 22:00:34.073646,451,11,321,Paquete ejemplo,2025-11-15 22:00:34.073648,2025-11-16 22:00:34.073648,451,Novedad ejemplo,2025-11-10 22:00:34.073651,Obs extra 1,Obs extra 2
452,Laura,López,CC,9042517,laura.lópez@mail.com,3376872996,3670399439,Inactivo,1,452,False,471,6,True,452,22:00:34,00:00:34,Aprobada,2025-11-24,Observación ejemplo,Transferencia,289531.3,XYZ188,Carro,True,False,452,92,False,False,452,False,2025-12-27,22:00:34,False,452,Recibo,Descripción ejemplo,2025-10-27 22:00:34.073684,452,5,174,Paquete ejemplo,2025-11-13 22:00:34.073686,2025-11-18 22:00:34.073686,452,Novedad ejemplo,2025-11-18 22:00:34.073689,Obs extra 1,Obs extra 2
453,Luis,Pérez,Pasaporte,1084955,luis.pérez@mail.com,3505027994,3825108340,Activo,3,453,True,102,8,True,453,22:00:34,00:00:34,Aprobada,2025-12-11,Observación ejemplo,Transferencia,296554.01,XYZ365,Carro,True,False,453,73,True,True,453,False,2025-12-22,22:00:34,True,453,Recibo,Descripción ejemplo,2025-11-13 22:00:34.073731,453,10,182,Paquete ejemplo,2025-11-12 22:00:34.073735,2025-11-17 22:00:34.073735,453,Novedad ejemplo,2025-11-07 22:00:34.073740,Obs extra 1,Obs extra 2
454,Valentina,Martínez,Pasaporte,4573819,valentina.martínez@mail.com,3775367524,3413509206,Inactivo,3,454,True,454,10,True,454,22:00:34,00:00:34,En espera,2025-12-02,Observación ejemplo,Transferencia,403404.89,GHI536,Carro,False,False,454,22,False,True,454,True,2025-11-22,22:00:34,True,454,Recibo,Descripción ejemplo,2025-10-22 22:00:34.073788,454,6,390,Paquete ejemplo,2025-11-18 22:00:34.073790,2025-11-23 22:00:34.073790,454,Novedad ejemplo,2025-11-10 22:00:34.073793,Obs extra 1,Obs extra 2
455,Sofía,Rodríguez,TI,2305508,sofía.rodríguez@mail.com,3761688310,3368926508,Activo,3,455,False,378,13,True,455,22:00:34,00:00:34,En espera,2025-12-11,Observación ejemplo,Transferencia,457645.47,DEF781,Carro,False,False,455,43,False,True,455,,2025-12-24,22:00:34,False,455,Recibo,Descripción ejemplo,2025-10-31 22:00:34.073822,455,17,442,Paquete ejemplo,2025-11-14 22:00:34.073824,2025-11-16 22:00:34.073824,455,Novedad ejemplo,2025-11-07 22:00:34.073828,Obs extra 1,Obs extra 2
456,Carlos,Gómez,CC,5581481,carlos.gómez@mail.com,3956270006,3418783069,Activo,2,456,False,324,6,False,456,22:00:34,00:00:34,Rechazada,2025-12-13,Observación ejemplo,Efectivo,123640.94,XYZ325,Moto,False,False,456,55,True,True,456,,2025-12-07,22:00:34,False,456,Recibo,Descripción ejemplo,2025-10-26 22:00:34.073885,456,20,182,Paquete ejemplo,2025-11-14 22:00:34.073889,2025-11-16 22:00:34.073889,456,Novedad ejemplo,2025-11-09 22:00:34.073895,Obs extra 1,Obs extra 2
457,Pedro,Hernández,CC,1244683,pedro.hernández@mail.com,3275649128,3567330365,Activo,3,457,False,246,20,False,457,22:00:34,00:00:34,Aprobada,2025-12-08,Observación ejemplo,Efectivo,243646.62,ABC630,Moto,False,True,457,64,True,False,457,True,2026-01-17,22:00:34,True,457,Recibo,Descripción ejemplo,2025-11-04 22:00:34.073936,457,10,212,Paquete ejemplo,2025-11-12 22:00:34.073938,2025-11-13 22:00:34.073938,457,Novedad ejemplo,2025-11-15 22:00:34.073941,Obs extra 1,Obs extra 2
458,Laura,Hernández,Pasaporte,4213987,laura.hernández@mail.com,3470971955,3950694491,Activo,3,458,False,217,4,False,458,22:00:34,00:00:34,Aprobada,2025-12-14,Observación ejemplo,Transferencia,127815.23,ABC211,Carro,True,False,458,2,False,True,458,True,2026-01-02,22:00:34,True,458,Recibo,Descripción ejemplo,2025-10-26 22:00:34.074005,458,4,207,Paquete ejemplo,2025-11-13 22:00:34.074007,2025-11-18 22:00:34.074007,458,Novedad ejemplo,2025-11-18 22:00:34.074010,Obs extra 1,Obs extra 2
459,Juan,Hernández,CE,7575082,juan.hernández@mail.com,3600107444,3609050433,Activo,1,459,True,311,12,False,459,22:00:34,00:00:34,En espera,2025-11-30,Observación ejemplo,Efectivo,455918.82,GHI231,Moto,False,False,459,31,True,True,459,True,2026-01-04,22:00:34,False,459,Recibo,Descripción ejemplo,2025-10-31 22:00:34.074054,459,20,299,Paquete ejemplo,2025-11-10 22:00:34.074056,2025-11-13 22:00:34.074056,459,Novedad ejemplo,2025-11-17 22:00:34.074064,Obs extra 1,Obs extra 2
460,Juan,Gómez,CC,9372136,juan.gómez@mail.com,3905442630,3632787002,Activo,3,460,True,101,6,True,460,22:00:34,00:00:34,Aprobada,2025-12-05,Observación ejemplo,Transferencia,246029.08,XYZ767,Carro,True,False,460,30,True,True,460,False,2025-12-09,22:00:34,True,460,Recibo,Descripción ejemplo,2025-11-03 22:00:34.074096,460,12,461,Paquete ejemplo,2025-11-10 22:00:34.074098,2025-11-11 22:00:34.074098,460,Novedad ejemplo,2025-11-14 22:00:34.074101,Obs extra 1,Obs extra 2
461,Laura,Torres,CC,7970497,laura.torres@mail.com,3983690597,3463069846,Activo,2,461,False,375,14,True,461,22:00:34,00:00:34,Aprobada,2025-12-03,Observación ejemplo,Transferencia,386333.39,ABC691,Carro,False,False,461,18,True,False,461,True,2025-12-12,22:00:34,True,461,Recibo,Descripción ejemplo,2025-11-01 22:00:34.074129,461,6,405,Paquete ejemplo,2025-11-14 22:00:34.074131,2025-11-18 22:00:34.074131,461,Novedad ejemplo,2025-11-12 22:00:34.074134,Obs extra 1,Obs extra 2
462,Ana,Martínez,CE,3246825,ana.martínez@mail.com,3798800482,3126746646,Inactivo,1,462,False,117,13,True,462,22:00:34,00:00:34,En espera,2025-12-02,Observación ejemplo,Transferencia,207241.99,GHI189,Carro,False,False,462,2,True,False,462,,2026-01-07,22:00:34,False,462,Recibo,Descripción ejemplo,2025-11-02 22:00:34.074173,462,10,211,Paquete ejemplo,2025-11-17 22:00:34.074177,2025-11-20 22:00:34.074177,462,Novedad ejemplo,2025-11-15 22:00:34.074182,Obs extra 1,Obs extra 2
463,Carlos,Vargas,TI,4116604,carlos.vargas@mail.com,3943148148,3827407022,Activo,1,463,False,173,10,True,463,22:00:34,00:00:34,Rechazada,2025-12-05,Observación ejemplo,Efectivo,140417.56,GHI845,Moto,True,True,463,99,False,False,463,False,2025-12-30,22:00:34,True,463,Recibo,Descripción ejemplo,2025-10-25 22:00:34.074224,463,6,381,Paquete ejemplo,2025-11-18 22:00:34.074226,2025-11-23 22:00:34.074226,463,Novedad ejemplo,2025-11-20 22:00:34.074229,Obs extra 1,Obs extra 2
464,Sofía,García,TI,6738703,sofía.garcía@mail.com,3413892298,3519119209,Activo,1,464,False,422,11,True,464,22:00:34,00:00:34,Aprobada,2025-12-12,Observación ejemplo,Transferencia,288431.4,DEF904,Moto,False,True,464,57,True,True,464,,2025-11-24,22:00:34,False,464,Recibo,Descripción ejemplo,2025-10-24 22:00:34.074259,464,3,386,Paquete ejemplo,2025-11-15 22:00:34.074260,2025-11-19 22:00:34.074260,464,Novedad ejemplo,2025-11-15 22:00:34.074264,Obs extra 1,Obs extra 2
465,Pedro,Pérez,CE,3606987,pedro.pérez@mail.com,3898308221,3599003431,Activo,1,465,False,176,7,True,465,22:00:34,00:00:34,Aprobada,2025-11-22,Observación ejemplo,Efectivo,468161.79,ABC496,Moto,False,True,465,45,False,False,465,True,2026-01-01,22:00:34,False,465,Recibo,Descripción ejemplo,2025-11-11 22:00:34.074292,465,5,308,Paquete ejemplo,2025-11-12 22:00:34.074294,2025-11-17 22:00:34.074294,465,Novedad ejemplo,2025-11-10 22:00:34.074297,Obs extra 1,Obs extra 2
466,Luis,Rodríguez,TI,4539979,luis.rodríguez@mail.com,3964108992,3844693821,Inactivo,3,466,False,307,14,False,466,22:00:34,00:00:34,En espera,2025-12-04,Observación ejemplo,Transferencia,263465.42,XYZ436,Moto,False,True,466,38,True,False,466,False,2025-11-25,22:00:34,False,466,Recibo,Descripción ejemplo,2025-10-25 22:00:34.074337,466,13,138,Paquete ejemplo,2025-11-16 22:00:34.074341,2025-11-17 22:00:34.074341,466,Novedad ejemplo,2025-11-07 22:00:34.074346,Obs extra 1,Obs extra 2
467,Valentina,García,TI,8784270,valentina.garcía@mail.com,3159232421,3610242754,Activo,1,467,True,485,13,True,467,22:00:34,00:00:34,Rechazada,2025-12-20,Observación ejemplo,Efectivo,361993.93,DEF974,Moto,False,True,467,45,False,True,467,True,2025-12-28,22:00:34,False,467,Recibo,Descripción ejemplo,2025-11-14 22:00:34.074386,467,3,477,Paquete ejemplo,2025-11-17 22:00:34.074388,2025-11-22 22:00:34.074388,467,Novedad ejemplo,2025-11-09 22:00:34.074392,Obs extra 1,Obs extra 2
468,Ana,Hernández,TI,3239514,ana.hernández@mail.com,3581702997,3486779342,Activo,3,468,False,325,7,False,468,22:00:34,00:00:34,Aprobada,2025-11-29,Observación ejemplo,Transferencia,303972.72,DEF319,Moto,True,False,468,85,False,True,468,,2026-01-03,22:00:34,False,468,Recibo,Descripción ejemplo,2025-10-31 22:00:34.074432,468,17,251,Paquete ejemplo,2025-11-14 22:00:34.074434,2025-11-16 22:00:34.074434,468,Novedad ejemplo,2025-11-05 22:00:34.074437,Obs extra 1,Obs extra 2
469,Carlos,Gómez,CE,7299162,carlos.gómez@mail.com,3732999103,3162675727,Inactivo,2,469,False,408,15,False,469,22:00:34,00:00:34,Rechazada,2025-12-11,Observación ejemplo,Transferencia,398965.68,ABC132,Moto,True,False,469,84,True,False,469,False,2026-01-11,22:00:34,False,469,Recibo,Descripción ejemplo,2025-11-08 22:00:34.074486,469,12,487,Paquete ejemplo,2025-11-14 22:00:34.074489,2025-11-18 22:00:34.074489,469,Novedad ejemplo,2025-11-20 22:00:34.074502,Obs extra 1,Obs extra 2
470,Luis,Vargas,TI,8812428,luis.vargas@mail.com,3167896450,3209925197,Activo,2,470,True,151,2,False,470,22:00:34,00:00:34,Rechazada,2025-11-22,Observación ejemplo,Efectivo,263652.22,ABC713,Moto,False,False,470,36,False,True,470,True,2025-11-27,22:00:34,False,470,Recibo,Descripción ejemplo,2025-11-06 22:00:34.074535,470,8,320,Paquete ejemplo,2025-11-10 22:00:34.074537,2025-11-13 22:00:34.074537,470,Novedad ejemplo,2025-11-06 22:00:34.074540,Obs extra 1,Obs extra 2
471,Laura,Martínez,CE,3630335,laura.martínez@mail.com,3806208027,3831310603,Inactivo,1,471,False,276,17,True,471,22:00:34,00:00:34,Rechazada,2025-12-05,Observación ejemplo,Efectivo,225150.03,XYZ272,Moto,True,False,471,80,False,True,471,True,2025-12-17,22:00:34,False,471,Recibo,Descripción ejemplo,2025-10-31 22:00:34.074568,471,5,193,Paquete ejemplo,2025-11-14 22:00:34.074570,2025-11-17 22:00:34.074570,471,Novedad ejemplo,2025-11-17 22:00:34.074573,Obs extra 1,Obs extra 2
472,Sofía,Vargas,Pasaporte,6156028,sofía.vargas@mail.com,3113849248,3236834511,Inactivo,3,472,True,477,13,True,472,22:00:34,00:00:34,Aprobada,2025-12-04,Observación ejemplo,Efectivo,195992.29,XYZ312,Carro,False,False,472,18,True,True,472,True,2025-12-01,22:00:34,True,472,Recibo,Descripción ejemplo,2025-11-12 22:00:34.074609,472,11,192,Paquete ejemplo,2025-11-16 22:00:34.074613,2025-11-19 22:00:34.074613,472,Novedad ejemplo,2025-11-15 22:00:34.074620,Obs extra 1,Obs extra 2
473,Carlos,Gómez,Pasaporte,9576536,carlos.gómez@mail.com,3902175578,3270496854,Activo,2,473,True,112,12,False,473,22:00:34,00:00:34,En espera,2025-12-13,Observación ejemplo,Transferencia,294080.5,GHI951,Moto,True,True,473,67,True,False,473,,2025-12-10,22:00:34,True,473,Recibo,Descripción ejemplo,2025-10-24 22:00:34.074668,473,17,277,Paquete ejemplo,2025-11-15 22:00:34.074670,2025-11-18 22:00:34.074670,473,Novedad ejemplo,2025-11-15 22:00:34.074674,Obs extra 1,Obs extra 2
474,Laura,Hernández,Pasaporte,8910924,laura.hernández@mail.com,3252187241,3374519148,Activo,2,474,True,269,14,True,474,22:00:34,00:00:34,En espera,2025-12-20,Observación ejemplo,Efectivo,76078.91,GHI952,Moto,True,True,474,55,True,False,474,True,2026-01-02,22:00:34,True,474,Recibo,Descripción ejemplo,2025-10-31 22:00:34.074707,474,15,424,Paquete ejemplo,2025-11-13 22:00:34.074709,2025-11-16 22:00:34.074709,474,Novedad ejemplo,2025-11-11 22:00:34.074712,Obs extra 1,Obs extra 2
475,Pedro,Ramírez,CC,9648905,pedro.ramírez@mail.com,3643349783,3283861319,Inactivo,3,475,False,373,2,False,475,22:00:34,00:00:34,Rechazada,2025-12-03,Observación ejemplo,Efectivo,472073.72,GHI151,Carro,True,False,475,81,True,False,475,True,2025-12-02,22:00:34,False,475,Recibo,Descripción ejemplo,2025-11-08 22:00:34.074751,475,16,380,Paquete ejemplo,2025-11-13 22:00:34.074753,2025-11-16 22:00:34.074753,475,Novedad ejemplo,2025-11-16 22:00:34.074756,Obs extra 1,Obs extra 2
476,Ana,López,TI,4305337,ana.lópez@mail.com,3677103498,3418369347,Activo,3,476,True,347,17,True,476,22:00:34,00:00:34,Aprobada,2025-12-02,Observación ejemplo,Efectivo,144979.62,XYZ472,Carro,False,True,476,20,False,True,476,False,2025-11-29,22:00:34,False,476,Recibo,Descripción ejemplo,2025-11-09 22:00:34.074785,476,2,251,Paquete ejemplo,2025-11-19 22:00:34.074787,2025-11-23 22:00:34.074787,476,Novedad ejemplo,2025-11-12 22:00:34.074790,Obs extra 1,Obs extra 2
477,Diego,Pérez,TI,5906444,diego.pérez@mail.com,3843879053,3101889790,Activo,2,477,True,447,11,True,477,22:00:34,00:00:34,Aprobada,2025-12-20,Observación ejemplo,Transferencia,420817.06,XYZ581,Moto,False,False,477,39,False,True,477,True,2026-01-07,22:00:34,False,477,Recibo,Descripción ejemplo,2025-11-08 22:00:34.074830,477,2,478,Paquete ejemplo,2025-11-17 22:00:34.074833,2025-11-22 22:00:34.074833,477,Novedad ejemplo,2025-11-20 22:00:34.074839,Obs extra 1,Obs extra 2
478,Laura,López,CC,3664901,laura.lópez@mail.com,3949460733,3800566821,Inactivo,2,478,True,297,16,False,478,22:00:34,00:00:34,En espera,2025-12-18,Observación ejemplo,Transferencia,119639.35,XYZ411,Carro,False,True,478,8,True,True,478,,2026-01-13,22:00:34,True,478,Recibo,Descripción ejemplo,2025-11-09 22:00:34.074883,478,20,313,Paquete ejemplo,2025-11-12 22:00:34.074885,2025-11-14 22:00:34.074885,478,Novedad ejemplo,2025-11-16 22:00:34.074889,Obs extra 1,Obs extra 2
479,Ana,Martínez,TI,1554314,ana.martínez@mail.com,3384216397,3560758516,Inactivo,1,479,False,360,15,True,479,22:00:34,00:00:34,En espera,2025-12-12,Observación ejemplo,Efectivo,187135.28,GHI214,Carro,True,False,479,33,False,False,479,False,2025-12-06,22:00:34,True,479,Recibo,Descripción ejemplo,2025-10-22 22:00:34.074922,479,6,215,Paquete ejemplo,2025-11-18 22:00:34.074924,2025-11-22 22:00:34.074924,479,Novedad ejemplo,2025-11-08 22:00:34.074927,Obs extra 1,Obs extra 2
480,Ana,García,Pasaporte,8707353,ana.garcía@mail.com,3478864191,3993031113,Activo,3,480,False,432,4,True,480,22:00:34,00:00:34,Aprobada,2025-12-20,Observación ejemplo,Efectivo,420370.6,XYZ276,Moto,True,False,480,89,False,True,480,True,2025-12-07,22:00:34,False,480,Recibo,Descripción ejemplo,2025-10-28 22:00:34.074994,480,15,436,Paquete ejemplo,2025-11-14 22:00:34.074996,2025-11-18 22:00:34.074996,480,Novedad ejemplo,2025-11-10 22:00:34.074999,Obs extra 1,Obs extra 2
481,Diego,Hernández,CE,9456158,diego.hernández@mail.com,3953260996,3351299408,Activo,2,481,True,171,2,True,481,22:00:34,00:00:34,En espera,2025-11-24,Observación ejemplo,Efectivo,141775.26,ABC904,Moto,True,False,481,64,False,False,481,True,2025-12-21,22:00:34,True,481,Recibo,Descripción ejemplo,2025-11-04 22:00:34.075039,481,9,253,Paquete ejemplo,2025-11-17 22:00:34.075041,2025-11-20 22:00:34.075041,481,Novedad ejemplo,2025-11-17 22:00:34.075044,Obs extra 1,Obs extra 2
482,Luis,Torres,TI,3337528,luis.torres@mail.com,3755890585,3546293856,Activo,1,482,False,269,12,True,482,22:00:34,00:00:34,En espera,2025-12-06,Observación ejemplo,Transferencia,329136.59,GHI933,Carro,False,False,482,91,False,True,482,True,2025-12-28,22:00:34,True,482,Recibo,Descripción ejemplo,2025-11-17 22:00:34.075073,482,10,169,Paquete ejemplo,2025-11-10 22:00:34.075075,2025-11-14 22:00:34.075075,482,Novedad ejemplo,2025-11-10 22:00:34.075078,Obs extra 1,Obs extra 2
483,Diego,Martínez,CE,8649208,diego.martínez@mail.com,3985982981,3265661417,Inactivo,2,483,False,170,19,False,483,22:00:34,00:00:34,En espera,2025-11-26,Observación ejemplo,Transferencia,466071.82,XYZ386,Moto,True,True,483,19,False,False,483,False,2026-01-14,22:00:34,True,483,Recibo,Descripción ejemplo,2025-11-03 22:00:34.075106,483,16,449,Paquete ejemplo,2025-11-13 22:00:34.075108,2025-11-15 22:00:34.075108,483,Novedad ejemplo,2025-11-14 22:00:34.075112,Obs extra 1,Obs extra 2
484,María,Ramírez,CC,3353846,maría.ramírez@mail.com,3781889249,3303053262,Inactivo,2,484,False,198,19,False,484,22:00:34,00:00:34,Rechazada,2025-11-29,Observación ejemplo,Transferencia,159664.94,GHI262,Moto,True,True,484,76,True,True,484,True,2025-11-24,22:00:34,True,484,Recibo,Descripción ejemplo,2025-11-11 22:00:34.075144,484,8,312,Paquete ejemplo,2025-11-12 22:00:34.075146,2025-11-16 22:00:34.075146,484,Novedad ejemplo,2025-11-09 22:00:34.075149,Obs extra 1,Obs extra 2
485,María,López,CC,8578328,maría.lópez@mail.com,3420323686,3903216755,Activo,1,485,False,193,8,False,485,22:00:34,00:00:34,En espera,2025-11-21,Observación ejemplo,Efectivo,493214.09,DEF737,Moto,True,False,485,42,True,True,485,,2026-01-18,22:00:34,False,485,Recibo,Descripción ejemplo,2025-11-09 22:00:34.075178,485,1,416,Paquete ejemplo,2025-11-10 22:00:34.075180,2025-11-11 22:00:34.075180,485,Novedad ejemplo,2025-11-06 22:00:34.075183,Obs extra 1,Obs extra 2
486,Ana,Rodríguez,TI,8595884,ana.rodríguez@mail.com,3704659566,3979754114,Inactivo,1,486,False,267,4,False,486,22:00:34,00:00:34,En espera,2025-12-20,Observación ejemplo,Transferencia,244015.85,GHI172,Moto,False,True,486,75,True,False,486,False,2025-11-28,22:00:34,True,486,Recibo,Descripción ejemplo,2025-10-26 22:00:34.075337,486,3,142,Paquete ejemplo,2025-11-17 22:00:34.075339,2025-11-20 22:00:34.075339,486,Novedad ejemplo,2025-11-09 22:00:34.075343,Obs extra 1,Obs extra 2
487,Diego,Torres,CE,8397417,diego.torres@mail.com,3686833733,3166821926,Activo,1,487,False,401,5,False,487,22:00:34,00:00:34,Aprobada,2025-12-20,Observación ejemplo,Efectivo,110974.09,ABC478,Moto,False,False,487,68,True,False,487,,2025-12-30,22:00:34,False,487,Recibo,Descripción ejemplo,2025-10-30 22:00:34.075374,487,13,372,Paquete ejemplo,2025-11-12 22:00:34.075376,2025-11-13 22:00:34.075376,487,Novedad ejemplo,2025-11-11 22:00:34.075379,Obs extra 1,Obs extra 2
488,Valentina,Gómez,CE,9787210,valentina.gómez@mail.com,3264922936,3702896896,Inactivo,3,488,False,469,4,True,488,22:00:34,00:00:34,En espera,2025-12-10,Observación ejemplo,Transferencia,356644.42,ABC336,Carro,True,False,488,60,True,True,488,True,2025-12-28,22:00:34,False,488,Recibo,Descripción ejemplo,2025-10-30 22:00:34.075420,488,18,258,Paquete ejemplo,2025-11-15 22:00:34.075424,2025-11-17 22:00:34.075424,488,Novedad ejemplo,2025-11-15 22:00:34.075429,Obs extra 1,Obs extra 2
489,Ana,Pérez,CE,1709323,ana.pérez@mail.com,3712091156,3219520234,Activo,3,489,False,292,1,True,489,22:00:34,00:00:34,Aprobada,2025-12-11,Observación ejemplo,Transferencia,58435.89,DEF352,Moto,True,False,489,12,True,True,489,False,2026-01-18,22:00:34,False,489,Recibo,Descripción ejemplo,2025-11-13 22:00:34.075484,489,5,256,Paquete ejemplo,2025-11-12 22:00:34.075487,2025-11-14 22:00:34.075487,489,Novedad ejemplo,2025-11-10 22:00:34.075492,Obs extra 1,Obs extra 2
490,Luis,Pérez,Pasaporte,4544018,luis.pérez@mail.com,3113635201,3428614379,Activo,1,490,True,246,3,True,490,22:00:34,00:00:34,En espera,2025-12-03,Observación ejemplo,Transferencia,379910.64,DEF482,Carro,True,False,490,23,False,False,490,True,2025-12-07,22:00:34,False,490,Recibo,Descripción ejemplo,2025-11-05 22:00:34.075537,490,8,136,Paquete ejemplo,2025-11-12 22:00:34.075539,2025-11-17 22:00:34.075539,490,Novedad ejemplo,2025-11-10 22:00:34.075544,Obs extra 1,Obs extra 2
491,Carlos,Pérez,CC,7614347,carlos.pérez@mail.com,3567198073,3402875492,Activo,2,491,True,195,3,False,491,22:00:34,00:00:34,Rechazada,2025-12-14,Observación ejemplo,Efectivo,161593.39,DEF516,Carro,True,True,491,40,True,False,491,False,2026-01-08,22:00:34,False,491,Recibo,Descripción ejemplo,2025-11-17 22:00:34.075589,491,5,152,Paquete ejemplo,2025-11-19 22:00:34.075593,2025-11-21 22:00:34.075593,491,Novedad ejemplo,2025-11-07 22:00:34.075599,Obs extra 1,Obs extra 2
492,Carlos,Vargas,CE,3879293,carlos.vargas@mail.com,3560746710,3810364557,Activo,1,492,True,284,14,False,492,22:00:34,00:00:34,Aprobada,2025-12-17,Observación ejemplo,Transferencia,384345.66,DEF244,Carro,True,True,492,80,True,False,492,,2026-01-04,22:00:34,True,492,Recibo,Descripción ejemplo,2025-11-03 22:00:34.075630,492,10,225,Paquete ejemplo,2025-11-12 22:00:34.075632,2025-11-16 22:00:34.075632,492,Novedad ejemplo,2025-11-17 22:00:34.075638,Obs extra 1,Obs extra 2
493,Sofía,Ramírez,Pasaporte,6718619,sofía.ramírez@mail.com,3888449985,3975318034,Inactivo,2,493,True,197,13,True,493,22:00:34,00:00:34,Rechazada,2025-11-24,Observación ejemplo,Efectivo,448412.4,GHI384,Carro,False,True,493,72,True,True,493,False,2026-01-12,22:00:34,True,493,Recibo,Descripción ejemplo,2025-11-10 22:00:34.075666,493,17,405,Paquete ejemplo,2025-11-15 22:00:34.075668,2025-11-20 22:00:34.075668,493,Novedad ejemplo,2025-11-18 22:00:34.075697,Obs extra 1,Obs extra 2
494,Juan,Ramírez,CE,1954942,juan.ramírez@mail.com,3334476360,3401315474,Activo,1,494,False,334,20,True,494,22:00:34,00:00:34,En espera,2025-12-11,Observación ejemplo,Efectivo,404217.91,GHI943,Moto,False,False,494,5,True,True,494,True,2026-01-12,22:00:34,True,494,Recibo,Descripción ejemplo,2025-10-29 22:00:34.075754,494,18,493,Paquete ejemplo,2025-11-13 22:00:34.075756,2025-11-15 22:00:34.075756,494,Novedad ejemplo,2025-11-06 22:00:34.075760,Obs extra 1,Obs extra 2
495,Carlos,Martínez,TI,9864766,carlos.martínez@mail.com,3650003482,3762189020,Inactivo,2,495,False,455,12,False,495,22:00:34,00:00:34,En espera,2025-11-24,Observación ejemplo,Efectivo,321128.53,ABC332,Moto,True,True,495,43,False,True,495,True,2025-12-09,22:00:34,True,495,Recibo,Descripción ejemplo,2025-11-10 22:00:34.075804,495,17,306,Paquete ejemplo,2025-11-17 22:00:34.075806,2025-11-22 22:00:34.075806,495,Novedad ejemplo,2025-11-09 22:00:34.075809,Obs extra 1,Obs extra 2
496,Diego,Gómez,Pasaporte,5869885,diego.gómez@mail.com,3973698484,3256580098,Activo,3,496,False,240,9,True,496,22:00:34,00:00:34,Aprobada,2025-12-11,Observación ejemplo,Transferencia,115724.88,ABC273,Carro,False,False,496,54,False,True,496,True,2025-12-08,22:00:34,True,496,Recibo,Descripción ejemplo,2025-10-31 22:00:34.075839,496,1,136,Paquete ejemplo,2025-11-10 22:00:34.075841,2025-11-12 22:00:34.075841,496,Novedad ejemplo,2025-11-20 22:00:34.075844,Obs extra 1,Obs extra 2
497,Ana,Torres,CE,5292531,ana.torres@mail.com,3748942332,3792212483,Activo,2,497,False,151,14,True,497,22:00:34,00:00:34,Rechazada,2025-11-21,Observación ejemplo,Efectivo,263537.62,DEF825,Moto,False,True,497,15,False,False,497,False,2025-11-30,22:00:34,False,497,Recibo,Descripción ejemplo,2025-11-10 22:00:34.075873,497,17,110,Paquete ejemplo,2025-11-11 22:00:34.075875,2025-11-12 22:00:34.075875,497,Novedad ejemplo,2025-11-14 22:00:34.075878,Obs extra 1,Obs extra 2
498,Carlos,Vargas,TI,6900311,carlos.vargas@mail.com,3109261198,3476357714,Inactivo,1,498,False,490,20,True,498,22:00:34,00:00:34,En espera,2025-11-28,Observación ejemplo,Efectivo,451324.23,XYZ752,Moto,False,False,498,39,True,True,498,True,2025-12-03,22:00:34,True,498,Recibo,Descripción ejemplo,2025-10-23 22:00:34.075908,498,11,214,Paquete ejemplo,2025-11-13 22:00:34.075910,2025-11-16 22:00:34.075910,498,Novedad ejemplo,2025-11-06 22:00:34.075921,Obs extra 1,Obs extra 2
499,Carlos,López,CC,1041413,carlos.lópez@mail.com,3834274665,3441684107,Activo,2,499,False,393,8,False,499,22:00:34,00:00:34,En espera,2025-11-24,Observación ejemplo,Transferencia,470717.78,DEF517,Carro,True,False,499,94,True,False,499,False,2025-12-01,22:00:34,True,499,Recibo,Descripción ejemplo,2025-10-25 22:00:34.075974,499,20,197,Paquete ejemplo,2025-11-11 22:00:34.075976,2025-11-16 22:00:34.075976,499,Novedad ejemplo,2025-11-05 22:00:34.075979,Obs extra 1,Obs extra 2
500,Carlos,Torres,CE,4929907,carlos.torres@mail.com,3638424950,3358478216,Activo,2,500,True,273,2,True,500,22:00:34,00:00:34,Aprobada,2025-11-27,Observación ejemplo,Efectivo,178518.62,GHI883,Moto,True,False,500,78,True,False,500,,2025-12-21,22:00:34,False,500,Recibo,Descripción ejemplo,2025-10-26 22:00:34.076010,500,5,368,Paquete ejemplo,2025-11-19 22:00:34.076012,2025-11-20 22:00:34.076012,500,Novedad ejemplo,2025-11-15 22:00:34.076015,Obs extra 1,Obs extra 2
